user_id,score,lag,session_id,primacy,recency,total_comparisons,norm_primacy,norm_recency
uid11_1,3,1,1,0,1,1,0.0,1.0
uid11_1,3,6,1,0,1,1,0.0,1.0
uid11_1,4,2,1,1,1,2,0.5,0.5
uid11_1,4,3,1,0,1,1,0.0,1.0
uid11_1,4,4,1,0,1,1,0.0,1.0
uid11_1,4,5,1,0,1,1,0.0,1.0
uid11_1,4,7,1,0,1,1,0.0,1.0
uid11_1,5,2,1,0,1,1,0.0,1.0
uid11_1,5,3,1,0,1,1,0.0,1.0
uid11_1,5,5,1,0,1,1,0.0,1.0
uid12_1,3,2,1,1,0,1,1.0,0.0
uid12_1,3,6,1,0,1,1,0.0,1.0
uid12_1,4,2,1,1,0,1,1.0,0.0
uid12_1,4,4,1,0,1,1,0.0,1.0
uid12_1,4,6,1,0,1,1,0.0,1.0
uid12_1,5,1,1,1,1,2,0.5,0.5
uid12_1,5,2,1,0,1,1,0.0,1.0
uid12_1,5,3,1,1,1,2,0.5,0.5
uid12_1,5,4,1,1,0,1,1.0,0.0
uid13_1,3,4,1,0,1,1,0.0,1.0
uid13_1,4,1,1,0,1,1,0.0,1.0
uid13_1,4,4,1,0,2,2,0.0,1.0
uid13_1,4,5,1,0,1,1,0.0,1.0
uid13_1,4,8,1,0,1,1,0.0,1.0
uid13_1,5,2,1,1,2,3,0.3333333333333333,0.6666666666666666
uid13_1,5,4,1,0,2,2,0.0,1.0
uid13_1,5,6,1,0,1,1,0.0,1.0
uid14_1,4,2,1,0,1,1,0.0,1.0
uid14_1,4,4,1,0,1,1,0.0,1.0
uid14_1,4,6,1,0,1,1,0.0,1.0
uid14_1,5,1,1,2,2,4,0.5,0.5
uid14_1,5,2,1,1,3,4,0.25,0.75
uid14_1,5,3,1,2,1,3,0.6666666666666666,0.3333333333333333
uid14_1,5,4,1,1,3,4,0.25,0.75
uid14_1,5,5,1,0,2,2,0.0,1.0
uid14_1,5,6,1,0,2,2,0.0,1.0
uid14_1,5,7,1,0,1,1,0.0,1.0
uid14_1,5,8,1,0,1,1,0.0,1.0
uid15_1,4,2,1,1,2,3,0.3333333333333333,0.6666666666666666
uid15_1,4,4,1,1,1,2,0.5,0.5
uid15_1,4,6,1,1,0,1,1.0,0.0
uid15_1,5,1,1,1,1,2,0.5,0.5
uid15_1,5,2,1,0,4,4,0.0,1.0
uid15_1,5,3,1,1,0,1,1.0,0.0
uid15_1,5,4,1,0,3,3,0.0,1.0
uid15_1,5,5,1,1,0,1,1.0,0.0
uid15_1,5,6,1,0,2,2,0.0,1.0
uid15_1,5,7,1,1,0,1,1.0,0.0
uid15_1,5,8,1,0,1,1,0.0,1.0
uid16_1,4,1,1,0,1,1,0.0,1.0
uid16_1,4,2,1,2,0,2,1.0,0.0
uid16_1,4,3,1,0,2,2,0.0,1.0
uid16_1,4,5,1,0,1,1,0.0,1.0
uid16_1,5,1,1,1,0,1,1.0,0.0
uid16_1,5,2,1,1,1,2,0.5,0.5
uid16_1,5,3,1,0,2,2,0.0,1.0
uid16_1,5,4,1,0,1,1,0.0,1.0
uid16_1,5,5,1,0,2,2,0.0,1.0
uid16_1,5,7,1,0,1,1,0.0,1.0
uid16_1,5,8,1,0,1,1,0.0,1.0
uid17_1,4,1,1,0,1,1,0.0,1.0
uid17_1,4,2,1,0,1,1,0.0,1.0
uid17_1,4,3,1,0,1,1,0.0,1.0
uid17_1,4,4,1,0,1,1,0.0,1.0
uid17_1,4,5,1,0,1,1,0.0,1.0
uid17_1,4,7,1,0,1,1,0.0,1.0
uid17_1,5,1,1,1,2,3,0.3333333333333333,0.6666666666666666
uid17_1,5,2,1,2,0,2,1.0,0.0
uid17_1,5,3,1,1,2,3,0.3333333333333333,0.6666666666666666
uid17_1,5,4,1,2,1,3,0.6666666666666666,0.3333333333333333
uid17_1,5,5,1,2,0,2,1.0,0.0
uid17_1,5,7,1,1,0,1,1.0,0.0
uid17_1,5,8,1,1,0,1,1.0,0.0
uid18_1,4,1,1,0,1,1,0.0,1.0
uid18_1,4,3,1,0,2,2,0.0,1.0
uid18_1,4,4,1,0,1,1,0.0,1.0
uid18_1,4,6,1,0,1,1,0.0,1.0
uid18_1,4,7,1,0,1,1,0.0,1.0
uid18_1,5,1,1,2,1,3,0.6666666666666666,0.3333333333333333
uid18_1,5,2,1,0,1,1,0.0,1.0
uid18_1,5,3,1,2,1,3,0.6666666666666666,0.3333333333333333
uid18_1,5,4,1,1,2,3,0.3333333333333333,0.6666666666666666
uid18_1,5,5,1,0,1,1,0.0,1.0
uid18_1,5,6,1,0,1,1,0.0,1.0
uid18_1,5,7,1,1,1,2,0.5,0.5
uid18_1,5,8,1,0,1,1,0.0,1.0
uid19_1,4,1,1,1,0,1,1.0,0.0
uid19_1,4,2,1,1,1,2,0.5,0.5
uid19_1,4,3,1,1,0,1,1.0,0.0
uid19_1,4,4,1,1,1,2,0.5,0.5
uid19_1,4,5,1,1,0,1,1.0,0.0
uid19_1,4,6,1,0,1,1,0.0,1.0
uid19_1,4,8,1,0,1,1,0.0,1.0
uid19_1,5,1,1,1,1,2,0.5,0.5
uid19_1,5,2,1,1,2,3,0.3333333333333333,0.6666666666666666
uid19_1,5,3,1,1,0,1,1.0,0.0
uid19_1,5,4,1,0,2,2,0.0,1.0
uid19_1,5,5,1,1,0,1,1.0,0.0
uid19_1,5,6,1,0,1,1,0.0,1.0
uid22_1,4,4,1,0,1,1,0.0,1.0
uid22_1,5,1,1,2,3,5,0.4,0.6
uid22_1,5,2,1,1,3,4,0.25,0.75
uid22_1,5,3,1,1,3,4,0.25,0.75
uid22_1,5,4,1,2,3,5,0.4,0.6
uid22_1,5,5,1,1,2,3,0.3333333333333333,0.6666666666666666
uid22_1,5,6,1,2,0,2,1.0,0.0
uid22_1,5,7,1,1,1,2,0.5,0.5
uid22_1,5,8,1,0,2,2,0.0,1.0
uid22_1,5,9,1,0,1,1,0.0,1.0
uid23_1,4,6,1,1,0,1,1.0,0.0
uid23_1,5,1,1,2,3,5,0.4,0.6
uid23_1,5,2,1,2,3,5,0.4,0.6
uid23_1,5,3,1,2,3,5,0.4,0.6
uid23_1,5,4,1,2,2,4,0.5,0.5
uid23_1,5,5,1,0,3,3,0.0,1.0
uid23_1,5,6,1,1,2,3,0.3333333333333333,0.6666666666666666
uid23_1,5,7,1,0,1,1,0.0,1.0
uid23_1,5,8,1,0,1,1,0.0,1.0
uid23_1,5,9,1,0,1,1,0.0,1.0
uid25_1,3,2,1,1,0,1,1.0,0.0
uid25_1,4,1,1,0,1,1,0.0,1.0
uid25_1,4,2,1,0,2,2,0.0,1.0
uid25_1,4,3,1,1,1,2,0.5,0.5
uid25_1,4,4,1,0,1,1,0.0,1.0
uid25_1,4,5,1,1,1,2,0.5,0.5
uid25_1,4,7,1,1,0,1,1.0,0.0
uid25_1,4,8,1,1,0,1,1.0,0.0
uid25_1,5,2,1,0,2,2,0.0,1.0
uid25_1,5,4,1,0,1,1,0.0,1.0
uid26_1,4,1,1,1,0,1,1.0,0.0
uid26_1,4,2,1,2,0,2,1.0,0.0
uid26_1,4,3,1,0,1,1,0.0,1.0
uid26_1,4,4,1,1,1,2,0.5,0.5
uid26_1,4,5,1,0,1,1,0.0,1.0
uid26_1,4,6,1,1,0,1,1.0,0.0
uid26_1,4,7,1,1,0,1,1.0,0.0
uid26_1,4,8,1,1,0,1,1.0,0.0
uid26_1,5,2,1,1,2,3,0.3333333333333333,0.6666666666666666
uid26_1,5,4,1,1,1,2,0.5,0.5
uid26_1,5,6,1,0,1,1,0.0,1.0
uid27_1,3,1,1,1,0,1,1.0,0.0
uid27_1,4,1,1,1,0,1,1.0,0.0
uid27_1,4,3,1,1,1,2,0.5,0.5
uid27_1,4,4,1,1,0,1,1.0,0.0
uid27_1,4,6,1,0,1,1,0.0,1.0
uid27_1,4,7,1,1,0,1,1.0,0.0
uid27_1,5,1,1,1,0,1,1.0,0.0
uid27_1,5,3,1,1,0,1,1.0,0.0
uid27_1,5,4,1,1,0,1,1.0,0.0
uid28_1,4,1,1,1,0,1,1.0,0.0
uid28_1,4,2,1,1,1,2,0.5,0.5
uid28_1,4,3,1,0,1,1,0.0,1.0
uid28_1,4,4,1,0,2,2,0.0,1.0
uid28_1,4,5,1,0,1,1,0.0,1.0
uid28_1,4,6,1,0,1,1,0.0,1.0
uid28_1,4,8,1,0,1,1,0.0,1.0
uid28_1,5,2,1,1,2,3,0.3333333333333333,0.6666666666666666
uid28_1,5,4,1,0,2,2,0.0,1.0
uid28_1,5,6,1,0,1,1,0.0,1.0
uid29_1,3,3,1,0,1,1,0.0,1.0
uid29_1,4,1,1,0,2,2,0.0,1.0
uid29_1,4,3,1,2,0,2,1.0,0.0
uid29_1,4,4,1,1,1,2,0.5,0.5
uid29_1,4,6,1,1,0,1,1.0,0.0
uid29_1,4,7,1,1,1,2,0.5,0.5
uid29_1,4,8,1,0,1,1,0.0,1.0
uid29_1,5,3,1,2,0,2,1.0,0.0
uid29_1,5,6,1,1,0,1,1.0,0.0
uid30_1,4,2,1,2,0,2,1.0,0.0
uid30_1,4,4,1,0,1,1,0.0,1.0
uid30_1,4,6,1,0,2,2,0.0,1.0
uid30_1,4,8,1,0,1,1,0.0,1.0
uid30_1,5,1,1,1,1,2,0.5,0.5
uid30_1,5,2,1,1,3,4,0.25,0.75
uid30_1,5,3,1,1,1,2,0.5,0.5
uid30_1,5,4,1,1,2,3,0.3333333333333333,0.6666666666666666
uid30_1,5,5,1,0,1,1,0.0,1.0
uid30_1,5,6,1,1,1,2,0.5,0.5
uid30_1,5,8,1,0,1,1,0.0,1.0
uid33_1,4,2,1,1,0,1,1.0,0.0
uid33_1,4,3,1,0,2,2,0.0,1.0
uid33_1,4,5,1,0,1,1,0.0,1.0
uid33_1,4,6,1,0,1,1,0.0,1.0
uid33_1,4,8,1,0,1,1,0.0,1.0
uid33_1,5,1,1,2,0,2,1.0,0.0
uid33_1,5,2,1,1,2,3,0.3333333333333333,0.6666666666666666
uid33_1,5,3,1,1,2,3,0.3333333333333333,0.6666666666666666
uid33_1,5,4,1,1,1,2,0.5,0.5
uid33_1,5,5,1,1,1,2,0.5,0.5
uid33_1,5,6,1,0,1,1,0.0,1.0
uid33_1,5,7,1,0,1,1,0.0,1.0
uid33_1,5,8,1,1,0,1,1.0,0.0
uid35_1,4,2,1,0,1,1,0.0,1.0
uid35_1,4,6,1,0,1,1,0.0,1.0
uid35_1,4,8,1,0,1,1,0.0,1.0
uid35_1,5,1,1,1,3,4,0.25,0.75
uid35_1,5,2,1,1,4,5,0.2,0.8
uid35_1,5,3,1,1,3,4,0.25,0.75
uid35_1,5,4,1,1,2,3,0.3333333333333333,0.6666666666666666
uid35_1,5,5,1,1,1,2,0.5,0.5
uid35_1,5,6,1,1,1,2,0.5,0.5
uid35_1,5,8,1,0,1,1,0.0,1.0
uid37_1,4,1,1,1,2,3,0.3333333333333333,0.6666666666666666
uid37_1,4,2,1,1,1,2,0.5,0.5
uid37_1,4,3,1,1,1,2,0.5,0.5
uid37_1,4,4,1,2,1,3,0.6666666666666666,0.3333333333333333
uid37_1,4,5,1,1,1,2,0.5,0.5
uid37_1,4,6,1,1,0,1,1.0,0.0
uid37_1,4,8,1,1,0,1,1.0,0.0
uid37_1,5,1,1,1,1,2,0.5,0.5
uid37_1,5,2,1,1,0,1,1.0,0.0
uid37_1,5,4,1,0,1,1,0.0,1.0
uid37_1,5,5,1,0,1,1,0.0,1.0
uid37_1,5,6,1,0,1,1,0.0,1.0
uid39_1,3,4,1,1,0,1,1.0,0.0
uid39_1,4,1,1,3,0,3,1.0,0.0
uid39_1,4,2,1,0,1,1,0.0,1.0
uid39_1,4,3,1,0,2,2,0.0,1.0
uid39_1,4,4,1,1,1,2,0.5,0.5
uid39_1,4,5,1,2,0,2,1.0,0.0
uid39_1,4,6,1,1,0,1,1.0,0.0
uid39_1,4,7,1,1,0,1,1.0,0.0
uid39_1,4,8,1,2,0,2,1.0,0.0
uid39_1,5,2,1,0,1,1,0.0,1.0
uid40_1,4,2,1,1,1,2,0.5,0.5
uid40_1,4,4,1,1,0,1,1.0,0.0
uid40_1,5,1,1,0,1,1,0.0,1.0
uid40_1,5,2,1,3,1,4,0.75,0.25
uid40_1,5,3,1,0,1,1,0.0,1.0
uid40_1,5,4,1,1,2,3,0.3333333333333333,0.6666666666666666
uid40_1,5,5,1,0,1,1,0.0,1.0
uid40_1,5,6,1,0,2,2,0.0,1.0
uid40_1,5,7,1,0,1,1,0.0,1.0
uid40_1,5,8,1,1,0,1,1.0,0.0
uid40_1,5,9,1,0,1,1,0.0,1.0
uid5_1,5,1,1,5,4,9,0.5555555555555556,0.4444444444444444
uid5_1,5,2,1,7,1,8,0.875,0.125
uid5_1,5,3,1,5,2,7,0.7142857142857143,0.2857142857142857
uid5_1,5,4,1,5,1,6,0.8333333333333334,0.16666666666666666
uid5_1,5,5,1,4,1,5,0.8,0.2
uid5_1,5,6,1,4,0,4,1.0,0.0
uid5_1,5,7,1,2,1,3,0.6666666666666666,0.3333333333333333
uid5_1,5,8,1,2,0,2,1.0,0.0
uid5_1,5,9,1,1,0,1,1.0,0.0
uid6_1,4,1,1,1,0,1,1.0,0.0
uid6_1,4,2,1,1,0,1,1.0,0.0
uid6_1,4,5,1,0,1,1,0.0,1.0
uid6_1,4,6,1,0,1,1,0.0,1.0
uid6_1,4,7,1,0,1,1,0.0,1.0
uid6_1,4,8,1,0,1,1,0.0,1.0
uid6_1,5,1,1,1,2,3,0.3333333333333333,0.6666666666666666
uid6_1,5,2,1,0,3,3,0.0,1.0
uid6_1,5,3,1,1,2,3,0.3333333333333333,0.6666666666666666
uid6_1,5,4,1,0,2,2,0.0,1.0
uid6_1,5,5,1,0,2,2,0.0,1.0
uid6_1,5,6,1,0,1,1,0.0,1.0
uid6_1,5,8,1,0,1,1,0.0,1.0
uid7_1,4,3,1,0,1,1,0.0,1.0
uid7_1,5,1,1,1,4,5,0.2,0.8
uid7_1,5,2,1,1,3,4,0.25,0.75
uid7_1,5,3,1,1,4,5,0.2,0.8
uid7_1,5,4,1,0,3,3,0.0,1.0
uid7_1,5,5,1,1,2,3,0.3333333333333333,0.6666666666666666
uid7_1,5,6,1,1,2,3,0.3333333333333333,0.6666666666666666
uid7_1,5,7,1,0,2,2,0.0,1.0
uid7_1,5,8,1,0,2,2,0.0,1.0
uid7_1,5,9,1,0,1,1,0.0,1.0
uid8_1,4,1,1,1,1,2,0.5,0.5
uid8_1,4,2,1,0,1,1,0.0,1.0
uid8_1,4,4,1,0,1,1,0.0,1.0
uid8_1,4,5,1,0,1,1,0.0,1.0
uid8_1,4,6,1,0,1,1,0.0,1.0
uid8_1,5,1,1,1,3,4,0.25,0.75
uid8_1,5,2,1,2,1,3,0.6666666666666666,0.3333333333333333
uid8_1,5,3,1,1,1,2,0.5,0.5
uid8_1,5,4,1,1,2,3,0.3333333333333333,0.6666666666666666
uid8_1,5,5,1,0,2,2,0.0,1.0
uid8_1,5,6,1,0,1,1,0.0,1.0
uid9_1,3,2,1,0,1,1,0.0,1.0
uid9_1,3,6,1,0,1,1,0.0,1.0
uid9_1,4,1,1,1,0,1,1.0,0.0
uid9_1,4,2,1,0,1,1,0.0,1.0
uid9_1,4,3,1,1,1,2,0.5,0.5
uid9_1,4,4,1,0,1,1,0.0,1.0
uid9_1,4,6,1,0,1,1,0.0,1.0
uid9_1,5,1,1,1,0,1,1.0,0.0
uid9_1,5,3,1,0,1,1,0.0,1.0
uid9_1,5,4,1,1,0,1,1.0,0.0
uid42_2,4,1,2,1,1,2,0.5,0.5
uid42_2,4,2,2,0,1,1,0.0,1.0
uid42_2,4,4,2,1,0,1,1.0,0.0
uid42_2,4,5,2,1,0,1,1.0,0.0
uid42_2,4,6,2,1,0,1,1.0,0.0
uid42_2,5,1,2,0,4,4,0.0,1.0
uid42_2,5,2,2,0,2,2,0.0,1.0
uid42_2,5,4,2,1,0,1,1.0,0.0
uid42_2,5,5,2,1,1,2,0.5,0.5
uid42_2,5,6,2,0,3,3,0.0,1.0
uid42_2,5,7,2,0,2,2,0.0,1.0
uid42_2,5,8,2,0,1,1,0.0,1.0
uid43_2,4,1,2,1,0,1,1.0,0.0
uid43_2,4,2,2,0,1,1,0.0,1.0
uid43_2,4,3,2,0,1,1,0.0,1.0
uid43_2,4,5,2,0,1,1,0.0,1.0
uid43_2,4,7,2,0,1,1,0.0,1.0
uid43_2,4,8,2,0,1,1,0.0,1.0
uid43_2,5,1,2,2,1,3,0.6666666666666666,0.3333333333333333
uid43_2,5,2,2,1,2,3,0.3333333333333333,0.6666666666666666
uid43_2,5,3,2,1,1,2,0.5,0.5
uid43_2,5,4,2,0,1,1,0.0,1.0
uid43_2,5,5,2,0,1,1,0.0,1.0
uid44_2,4,1,2,1,0,1,1.0,0.0
uid44_2,4,3,2,1,1,2,0.5,0.5
uid44_2,4,4,2,1,0,1,1.0,0.0
uid44_2,4,6,2,0,1,1,0.0,1.0
uid44_2,4,7,2,1,0,1,1.0,0.0
uid45_2,3,3,2,1,0,1,1.0,0.0
uid45_2,4,2,2,0,1,1,0.0,1.0
uid45_2,5,1,2,1,2,3,0.3333333333333333,0.6666666666666666
uid45_2,5,2,2,1,1,2,0.5,0.5
uid45_2,5,3,2,1,1,2,0.5,0.5
uid45_2,5,4,2,0,2,2,0.0,1.0
uid45_2,5,5,2,1,0,1,1.0,0.0
uid45_2,5,6,2,1,1,2,0.5,0.5
uid45_2,5,7,2,1,1,2,0.5,0.5
uid45_2,5,8,2,0,1,1,0.0,1.0
uid46_2,4,1,2,0,1,1,0.0,1.0
uid46_2,4,3,2,1,0,1,1.0,0.0
uid46_2,4,4,2,2,0,2,1.0,0.0
uid46_2,4,5,2,1,0,1,1.0,0.0
uid46_2,4,8,2,1,0,1,1.0,0.0
uid46_2,5,1,2,2,1,3,0.6666666666666666,0.3333333333333333
uid46_2,5,2,2,1,1,2,0.5,0.5
uid46_2,5,3,2,1,1,2,0.5,0.5
uid46_2,5,4,2,1,2,3,0.3333333333333333,0.6666666666666666
uid46_2,5,5,2,0,2,2,0.0,1.0
uid46_2,5,6,2,1,0,1,1.0,0.0
uid46_2,5,7,2,0,1,1,0.0,1.0
uid46_2,5,8,2,1,0,1,1.0,0.0
uid48_2,3,6,2,1,0,1,1.0,0.0
uid48_2,4,5,2,0,1,1,0.0,1.0
uid48_2,5,1,2,0,2,2,0.0,1.0
uid48_2,5,2,2,1,2,3,0.3333333333333333,0.6666666666666666
uid48_2,5,3,2,1,2,3,0.3333333333333333,0.6666666666666666
uid48_2,5,4,2,0,2,2,0.0,1.0
uid48_2,5,5,2,1,1,2,0.5,0.5
uid48_2,5,6,2,1,0,1,1.0,0.0
uid48_2,5,7,2,0,1,1,0.0,1.0
uid48_2,5,8,2,0,1,1,0.0,1.0
uid51_2,3,3,2,0,1,1,0.0,1.0
uid51_2,4,2,2,1,1,2,0.5,0.5
uid51_2,4,4,2,0,1,1,0.0,1.0
uid51_2,4,5,2,0,1,1,0.0,1.0
uid51_2,4,7,2,0,1,1,0.0,1.0
uid51_2,5,1,2,0,1,1,0.0,1.0
uid51_2,5,2,2,0,1,1,0.0,1.0
uid51_2,5,3,2,1,0,1,1.0,0.0
uid51_2,5,4,2,0,1,1,0.0,1.0
uid51_2,5,5,2,1,0,1,1.0,0.0
uid51_2,5,6,2,0,1,1,0.0,1.0
uid52_2,3,4,2,1,0,1,1.0,0.0
uid52_2,4,1,2,0,1,1,0.0,1.0
uid52_2,4,2,2,1,0,1,1.0,0.0
uid52_2,4,3,2,0,1,1,0.0,1.0
uid52_2,5,1,2,1,1,2,0.5,0.5
uid52_2,5,2,2,2,1,3,0.6666666666666666,0.3333333333333333
uid52_2,5,3,2,0,1,1,0.0,1.0
uid52_2,5,4,2,1,1,2,0.5,0.5
uid52_2,5,5,2,1,0,1,1.0,0.0
uid52_2,5,6,2,1,0,1,1.0,0.0
uid54_2,3,1,2,0,1,1,0.0,1.0
uid54_2,3,5,2,0,1,1,0.0,1.0
uid54_2,3,6,2,0,1,1,0.0,1.0
uid54_2,4,1,2,0,1,1,0.0,1.0
uid54_2,4,2,2,0,1,1,0.0,1.0
uid54_2,4,3,2,1,0,1,1.0,0.0
uid54_2,4,4,2,0,1,1,0.0,1.0
uid54_2,4,5,2,1,0,1,1.0,0.0
uid54_2,4,6,2,0,1,1,0.0,1.0
uid54_2,5,2,2,0,1,1,0.0,1.0
uid54_2,5,3,2,1,0,1,1.0,0.0
uid54_2,5,5,2,0,1,1,0.0,1.0
uid55_2,3,4,2,1,0,1,1.0,0.0
uid55_2,4,1,2,0,1,1,0.0,1.0
uid55_2,4,2,2,0,2,2,0.0,1.0
uid55_2,4,3,2,0,2,2,0.0,1.0
uid55_2,4,5,2,0,1,1,0.0,1.0
uid55_2,5,1,2,0,1,1,0.0,1.0
uid55_2,5,2,2,0,1,1,0.0,1.0
uid55_2,5,5,2,0,1,1,0.0,1.0
uid55_2,5,6,2,0,1,1,0.0,1.0
uid55_2,5,7,2,0,1,1,0.0,1.0
uid55_2,5,8,2,0,1,1,0.0,1.0
uid56_2,3,2,2,1,0,1,1.0,0.0
uid56_2,3,6,2,0,1,1,0.0,1.0
uid56_2,4,5,2,1,0,1,1.0,0.0
uid56_2,5,1,2,0,2,2,0.0,1.0
uid56_2,5,2,2,2,1,3,0.6666666666666666,0.3333333333333333
uid56_2,5,3,2,0,1,1,0.0,1.0
uid56_2,5,4,2,1,1,2,0.5,0.5
uid56_2,5,5,2,1,0,1,1.0,0.0
uid56_2,5,6,2,1,0,1,1.0,0.0
uid57_2,3,1,2,1,0,1,1.0,0.0
uid57_2,3,5,2,0,1,1,0.0,1.0
uid57_2,3,6,2,1,0,1,1.0,0.0
uid57_2,4,1,2,1,0,1,1.0,0.0
uid57_2,4,2,2,0,1,1,0.0,1.0
uid57_2,4,3,2,0,1,1,0.0,1.0
uid57_2,4,4,2,1,0,1,1.0,0.0
uid57_2,4,5,2,0,1,1,0.0,1.0
uid57_2,4,6,2,0,1,1,0.0,1.0
uid57_2,5,2,2,0,1,1,0.0,1.0
uid57_2,5,3,2,0,1,1,0.0,1.0
uid57_2,5,5,2,0,1,1,0.0,1.0
uid59_2,3,1,2,1,0,1,1.0,0.0
uid59_2,3,4,2,2,0,2,1.0,0.0
uid59_2,3,5,2,1,0,1,1.0,0.0
uid59_2,4,1,2,1,2,3,0.3333333333333333,0.6666666666666666
uid59_2,4,2,2,1,1,2,0.5,0.5
uid59_2,4,3,2,0,2,2,0.0,1.0
uid59_2,4,4,2,0,2,2,0.0,1.0
uid59_2,4,5,2,0,1,1,0.0,1.0
uid61_2,3,5,2,0,1,1,0.0,1.0
uid61_2,5,1,2,1,1,2,0.5,0.5
uid61_2,5,2,2,1,2,3,0.3333333333333333,0.6666666666666666
uid61_2,5,3,2,1,2,3,0.3333333333333333,0.6666666666666666
uid61_2,5,4,2,0,2,2,0.0,1.0
uid61_2,5,5,2,1,1,2,0.5,0.5
uid61_2,5,6,2,0,1,1,0.0,1.0
uid61_2,5,7,2,0,1,1,0.0,1.0
uid61_2,5,8,2,0,1,1,0.0,1.0
uid62_2,3,4,2,2,0,2,1.0,0.0
uid62_2,4,1,2,0,1,1,0.0,1.0
uid62_2,4,3,2,2,0,2,1.0,0.0
uid62_2,4,4,2,0,2,2,0.0,1.0
uid62_2,4,7,2,0,1,1,0.0,1.0
uid62_2,5,2,2,1,0,1,1.0,0.0
uid62_2,5,4,2,0,1,1,0.0,1.0
uid62_2,5,6,2,0,1,1,0.0,1.0
uid63_2,4,1,2,1,0,1,1.0,0.0
uid63_2,4,2,2,1,1,2,0.5,0.5
uid63_2,4,3,2,2,1,3,0.6666666666666666,0.3333333333333333
uid63_2,4,5,2,1,1,2,0.5,0.5
uid63_2,4,6,2,1,0,1,1.0,0.0
uid63_2,4,8,2,0,1,1,0.0,1.0
uid63_2,5,1,2,0,1,1,0.0,1.0
uid63_2,5,2,2,1,0,1,1.0,0.0
uid63_2,5,3,2,1,1,2,0.5,0.5
uid63_2,5,5,2,1,0,1,1.0,0.0
uid63_2,5,6,2,1,0,1,1.0,0.0
uid64_2,3,4,2,1,0,1,1.0,0.0
uid64_2,4,1,2,1,1,2,0.5,0.5
uid64_2,4,2,2,1,0,1,1.0,0.0
uid64_2,4,3,2,2,0,2,1.0,0.0
uid64_2,4,4,2,1,0,1,1.0,0.0
uid64_2,5,1,2,0,2,2,0.0,1.0
uid64_2,5,2,2,0,1,1,0.0,1.0
uid64_2,5,4,2,1,0,1,1.0,0.0
uid64_2,5,5,2,0,1,1,0.0,1.0
uid64_2,5,6,2,0,1,1,0.0,1.0
uid65_2,3,4,2,1,0,1,1.0,0.0
uid65_2,4,5,2,1,0,1,1.0,0.0
uid65_2,5,1,2,1,2,3,0.3333333333333333,0.6666666666666666
uid65_2,5,2,2,1,2,3,0.3333333333333333,0.6666666666666666
uid65_2,5,3,2,1,1,2,0.5,0.5
uid65_2,5,4,2,0,2,2,0.0,1.0
uid65_2,5,5,2,1,1,2,0.5,0.5
uid65_2,5,6,2,1,1,2,0.5,0.5
uid65_2,5,7,2,0,1,1,0.0,1.0
uid66_2,3,1,2,2,0,2,1.0,0.0
uid66_2,3,2,2,1,0,1,1.0,0.0
uid66_2,4,5,2,0,1,1,0.0,1.0
uid66_2,5,2,2,0,2,2,0.0,1.0
uid66_2,5,4,2,0,1,1,0.0,1.0
uid69_2,3,1,2,1,0,1,1.0,0.0
uid69_2,3,4,2,2,0,2,1.0,0.0
uid69_2,3,5,2,1,0,1,1.0,0.0
uid69_2,4,1,2,1,1,2,0.5,0.5
uid69_2,4,4,2,0,1,1,0.0,1.0
uid69_2,4,5,2,1,1,2,0.5,0.5
uid69_2,4,6,2,0,1,1,0.0,1.0
uid69_2,5,2,2,1,0,1,1.0,0.0
uid70_2,4,2,2,0,1,1,0.0,1.0
uid70_2,5,1,2,3,3,6,0.5,0.5
uid70_2,5,2,2,4,2,6,0.6666666666666666,0.3333333333333333
uid70_2,5,3,2,3,2,5,0.6,0.4
uid70_2,5,4,2,3,1,4,0.75,0.25
uid70_2,5,5,2,2,1,3,0.6666666666666666,0.3333333333333333
uid70_2,5,6,2,1,1,2,0.5,0.5
uid70_2,5,7,2,1,0,1,1.0,0.0
uid70_2,5,8,2,1,0,1,1.0,0.0
uid72_2,4,2,2,0,1,1,0.0,1.0
uid72_2,4,3,2,0,2,2,0.0,1.0
uid72_2,4,5,2,0,1,1,0.0,1.0
uid72_2,4,6,2,0,1,1,0.0,1.0
uid72_2,4,8,2,0,1,1,0.0,1.0
uid72_2,5,1,2,1,1,2,0.5,0.5
uid72_2,5,2,2,2,0,2,1.0,0.0
uid72_2,5,3,2,1,2,3,0.3333333333333333,0.6666666666666666
uid72_2,5,4,2,0,1,1,0.0,1.0
uid72_2,5,5,2,0,1,1,0.0,1.0
uid72_2,5,6,2,0,1,1,0.0,1.0
uid74_2,3,1,2,0,1,1,0.0,1.0
uid74_2,4,3,2,0,1,1,0.0,1.0
uid74_2,5,1,2,2,1,3,0.6666666666666666,0.3333333333333333
uid74_2,5,2,2,0,2,2,0.0,1.0
uid74_2,5,3,2,1,1,2,0.5,0.5
uid74_2,5,4,2,0,2,2,0.0,1.0
uid74_2,5,5,2,1,0,1,1.0,0.0
uid75_2,3,4,2,1,1,2,0.5,0.5
uid75_2,4,2,2,1,1,2,0.5,0.5
uid75_2,4,4,2,1,0,1,1.0,0.0
uid75_2,5,1,2,1,0,1,1.0,0.0
uid75_2,5,3,2,0,1,1,0.0,1.0
uid75_2,5,4,2,1,0,1,1.0,0.0
uid75_2,5,5,2,1,0,1,1.0,0.0
uid75_2,5,7,2,0,1,1,0.0,1.0
uid75_2,5,8,2,0,1,1,0.0,1.0
uid100_3,3,3,3,0,1,1,0.0,1.0
uid100_3,3,4,3,1,0,1,1.0,0.0
uid100_3,4,1,3,1,0,1,1.0,0.0
uid100_3,4,3,3,1,0,1,1.0,0.0
uid100_3,4,4,3,1,0,1,1.0,0.0
uid100_3,5,1,3,1,1,2,0.5,0.5
uid100_3,5,2,3,1,0,1,1.0,0.0
uid100_3,5,3,3,1,0,1,1.0,0.0
uid100_3,5,4,3,1,0,1,1.0,0.0
uid100_3,5,5,3,1,0,1,1.0,0.0
uid101_3,3,2,3,1,0,1,1.0,0.0
uid101_3,4,1,3,0,1,1,0.0,1.0
uid101_3,4,3,3,0,1,1,0.0,1.0
uid101_3,4,4,3,0,1,1,0.0,1.0
uid101_3,5,1,3,1,1,2,0.5,0.5
uid101_3,5,2,3,0,1,1,0.0,1.0
uid101_3,5,3,3,1,0,1,1.0,0.0
uid101_3,5,4,3,1,0,1,1.0,0.0
uid101_3,5,5,3,0,1,1,0.0,1.0
uid102_3,4,1,3,1,2,3,0.3333333333333333,0.6666666666666666
uid102_3,4,2,3,1,2,3,0.3333333333333333,0.6666666666666666
uid102_3,4,3,3,0,3,3,0.0,1.0
uid102_3,4,4,3,0,1,1,0.0,1.0
uid102_3,4,5,3,0,2,2,0.0,1.0
uid102_3,4,6,3,0,1,1,0.0,1.0
uid102_3,4,7,3,0,1,1,0.0,1.0
uid102_3,4,8,3,0,1,1,0.0,1.0
uid102_3,5,1,3,0,1,1,0.0,1.0
uid102_3,5,2,3,0,1,1,0.0,1.0
uid102_3,5,3,3,0,1,1,0.0,1.0
uid102_3,5,5,3,0,1,1,0.0,1.0
uid102_3,5,7,3,0,1,1,0.0,1.0
uid102_3,5,8,3,0,1,1,0.0,1.0
uid103_3,3,1,3,1,0,1,1.0,0.0
uid103_3,3,2,3,0,1,1,0.0,1.0
uid103_3,3,3,3,0,1,1,0.0,1.0
uid103_3,3,5,3,1,0,1,1.0,0.0
uid103_3,3,6,3,1,0,1,1.0,0.0
uid103_3,4,3,3,0,1,1,0.0,1.0
uid103_3,4,5,3,1,0,1,1.0,0.0
uid103_3,4,8,3,1,0,1,1.0,0.0
uid103_3,5,1,3,0,1,1,0.0,1.0
uid104_3,4,1,3,1,1,2,0.5,0.5
uid104_3,4,2,3,0,1,1,0.0,1.0
uid104_3,5,1,3,1,0,1,1.0,0.0
uid104_3,5,6,3,1,0,1,1.0,0.0
uid104_3,5,7,3,1,0,1,1.0,0.0
uid105_3,4,1,3,1,1,2,0.5,0.5
uid105_3,4,2,3,1,0,1,1.0,0.0
uid105_3,4,3,3,1,1,2,0.5,0.5
uid105_3,4,4,3,1,0,1,1.0,0.0
uid105_3,5,1,3,2,2,4,0.5,0.5
uid105_3,5,2,3,2,1,3,0.6666666666666666,0.3333333333333333
uid105_3,5,3,3,1,1,2,0.5,0.5
uid105_3,5,4,3,1,0,1,1.0,0.0
uid106_3,3,1,3,0,2,2,0.0,1.0
uid106_3,3,2,3,0,1,1,0.0,1.0
uid106_3,3,3,3,1,1,2,0.5,0.5
uid106_3,3,4,3,0,1,1,0.0,1.0
uid106_3,3,5,3,0,1,1,0.0,1.0
uid106_3,3,6,3,1,0,1,1.0,0.0
uid106_3,4,4,3,0,1,1,0.0,1.0
uid106_3,5,2,3,0,1,1,0.0,1.0
uid106_3,5,5,3,1,0,1,1.0,0.0
uid106_3,5,7,3,0,1,1,0.0,1.0
uid108_3,4,6,3,0,1,1,0.0,1.0
uid108_3,5,1,3,2,3,5,0.4,0.6
uid108_3,5,2,3,1,4,5,0.2,0.8
uid108_3,5,3,3,1,4,5,0.2,0.8
uid108_3,5,4,3,2,2,4,0.5,0.5
uid108_3,5,5,3,0,3,3,0.0,1.0
uid108_3,5,6,3,1,2,3,0.3333333333333333,0.6666666666666666
uid108_3,5,7,3,1,0,1,1.0,0.0
uid108_3,5,8,3,0,1,1,0.0,1.0
uid108_3,5,9,3,0,1,1,0.0,1.0
uid109_3,4,1,3,0,1,1,0.0,1.0
uid109_3,4,2,3,1,0,1,1.0,0.0
uid109_3,4,4,3,1,0,1,1.0,0.0
uid109_3,4,5,3,1,0,1,1.0,0.0
uid109_3,4,6,3,1,0,1,1.0,0.0
uid109_3,4,7,3,1,0,1,1.0,0.0
uid109_3,5,1,3,1,1,2,0.5,0.5
uid109_3,5,2,3,2,1,3,0.6666666666666666,0.3333333333333333
uid109_3,5,3,3,0,2,2,0.0,1.0
uid109_3,5,4,3,0,3,3,0.0,1.0
uid109_3,5,5,3,2,0,2,1.0,0.0
uid109_3,5,6,3,1,0,1,1.0,0.0
uid109_3,5,7,3,0,1,1,0.0,1.0
uid109_3,5,9,3,1,0,1,1.0,0.0
uid110_3,3,1,3,0,1,1,0.0,1.0
uid110_3,3,3,3,1,0,1,1.0,0.0
uid110_3,3,4,3,0,1,1,0.0,1.0
uid110_3,4,2,3,0,1,1,0.0,1.0
uid110_3,4,3,3,0,1,1,0.0,1.0
uid110_3,4,5,3,0,1,1,0.0,1.0
uid110_3,5,1,3,1,0,1,1.0,0.0
uid110_3,5,4,3,1,0,1,1.0,0.0
uid110_3,5,5,3,1,0,1,1.0,0.0
uid112_3,5,1,3,3,4,7,0.42857142857142855,0.5714285714285714
uid112_3,5,2,3,2,5,7,0.2857142857142857,0.7142857142857143
uid112_3,5,3,3,1,5,6,0.16666666666666666,0.8333333333333334
uid112_3,5,4,3,2,3,5,0.4,0.6
uid112_3,5,5,3,1,3,4,0.25,0.75
uid112_3,5,6,3,1,2,3,0.3333333333333333,0.6666666666666666
uid112_3,5,7,3,0,2,2,0.0,1.0
uid112_3,5,8,3,0,1,1,0.0,1.0
uid112_3,5,9,3,0,1,1,0.0,1.0
uid114_3,4,2,3,0,1,1,0.0,1.0
uid114_3,4,5,3,0,1,1,0.0,1.0
uid114_3,4,7,3,0,1,1,0.0,1.0
uid114_3,5,1,3,2,1,3,0.6666666666666666,0.3333333333333333
uid114_3,5,2,3,4,1,5,0.8,0.2
uid114_3,5,3,3,2,1,3,0.6666666666666666,0.3333333333333333
uid114_3,5,4,3,3,0,3,1.0,0.0
uid114_3,5,5,3,3,0,3,1.0,0.0
uid114_3,5,6,3,1,0,1,1.0,0.0
uid114_3,5,7,3,2,0,2,1.0,0.0
uid114_3,5,9,3,1,0,1,1.0,0.0
uid116_3,4,1,3,1,3,4,0.25,0.75
uid116_3,4,2,3,0,4,4,0.0,1.0
uid116_3,4,3,3,2,2,4,0.5,0.5
uid116_3,4,4,3,1,1,2,0.5,0.5
uid116_3,4,5,3,2,1,3,0.6666666666666666,0.3333333333333333
uid116_3,4,6,3,0,2,2,0.0,1.0
uid116_3,4,7,3,0,1,1,0.0,1.0
uid116_3,4,8,3,0,1,1,0.0,1.0
uid116_3,5,2,3,0,1,1,0.0,1.0
uid116_3,5,3,3,0,1,1,0.0,1.0
uid116_3,5,5,3,0,1,1,0.0,1.0
uid79_3,4,1,3,1,0,1,1.0,0.0
uid79_3,4,2,3,0,1,1,0.0,1.0
uid79_3,4,3,3,1,1,2,0.5,0.5
uid79_3,4,5,3,0,1,1,0.0,1.0
uid79_3,4,6,3,1,0,1,1.0,0.0
uid79_3,5,1,3,1,1,2,0.5,0.5
uid79_3,5,2,3,0,2,2,0.0,1.0
uid79_3,5,3,3,0,3,3,0.0,1.0
uid79_3,5,4,3,1,0,1,1.0,0.0
uid79_3,5,5,3,0,2,2,0.0,1.0
uid79_3,5,6,3,1,1,2,0.5,0.5
uid79_3,5,7,3,0,1,1,0.0,1.0
uid79_3,5,8,3,0,1,1,0.0,1.0
uid79_3,5,9,3,0,1,1,0.0,1.0
uid81_3,4,1,3,1,0,1,1.0,0.0
uid81_3,4,7,3,0,1,1,0.0,1.0
uid81_3,4,8,3,0,1,1,0.0,1.0
uid81_3,5,1,3,3,1,4,0.75,0.25
uid81_3,5,2,3,1,2,3,0.3333333333333333,0.6666666666666666
uid81_3,5,3,3,1,2,3,0.3333333333333333,0.6666666666666666
uid81_3,5,4,3,2,0,2,1.0,0.0
uid81_3,5,5,3,0,1,1,0.0,1.0
uid81_3,5,6,3,0,1,1,0.0,1.0
uid81_3,5,7,3,1,0,1,1.0,0.0
uid82_3,4,1,3,2,1,3,0.6666666666666666,0.3333333333333333
uid82_3,4,2,3,2,0,2,1.0,0.0
uid82_3,4,3,3,2,1,3,0.6666666666666666,0.3333333333333333
uid82_3,4,4,3,2,1,3,0.6666666666666666,0.3333333333333333
uid82_3,4,5,3,2,0,2,1.0,0.0
uid82_3,4,7,3,1,0,1,1.0,0.0
uid82_3,4,8,3,1,0,1,1.0,0.0
uid82_3,5,1,3,1,0,1,1.0,0.0
uid82_3,5,7,3,1,0,1,1.0,0.0
uid82_3,5,8,3,1,0,1,1.0,0.0
uid83_3,3,3,3,0,1,1,0.0,1.0
uid83_3,4,1,3,1,0,1,1.0,0.0
uid83_3,4,6,3,1,0,1,1.0,0.0
uid83_3,4,7,3,1,0,1,1.0,0.0
uid83_3,5,1,3,0,1,1,0.0,1.0
uid83_3,5,6,3,1,0,1,1.0,0.0
uid83_3,5,7,3,1,0,1,1.0,0.0
uid84_3,4,1,3,1,3,4,0.25,0.75
uid84_3,4,2,3,2,3,5,0.4,0.6
uid84_3,4,3,3,0,3,3,0.0,1.0
uid84_3,4,4,3,1,2,3,0.3333333333333333,0.6666666666666666
uid84_3,4,5,3,1,1,2,0.5,0.5
uid84_3,4,6,3,0,2,2,0.0,1.0
uid84_3,4,7,3,0,1,1,0.0,1.0
uid84_3,4,8,3,0,1,1,0.0,1.0
uid84_3,5,2,3,0,2,2,0.0,1.0
uid84_3,5,4,3,0,1,1,0.0,1.0
uid85_3,3,2,3,0,2,2,0.0,1.0
uid85_3,3,4,3,0,1,1,0.0,1.0
uid85_3,4,2,3,0,1,1,0.0,1.0
uid85_3,4,3,3,1,0,1,1.0,0.0
uid85_3,4,5,3,1,0,1,1.0,0.0
uid85_3,5,6,3,1,0,1,1.0,0.0
uid86_3,3,1,3,0,1,1,0.0,1.0
uid86_3,3,6,3,1,0,1,1.0,0.0
uid86_3,4,1,3,1,0,1,1.0,0.0
uid86_3,4,3,3,0,1,1,0.0,1.0
uid86_3,4,4,3,0,1,1,0.0,1.0
uid86_3,5,1,3,0,1,1,0.0,1.0
uid86_3,5,5,3,1,0,1,1.0,0.0
uid86_3,5,6,3,1,0,1,1.0,0.0
uid87_3,4,1,3,0,1,1,0.0,1.0
uid87_3,4,2,3,1,0,1,1.0,0.0
uid87_3,4,3,3,0,1,1,0.0,1.0
uid87_3,4,5,3,0,1,1,0.0,1.0
uid87_3,4,7,3,1,0,1,1.0,0.0
uid87_3,4,8,3,0,1,1,0.0,1.0
uid87_3,5,1,3,2,0,2,1.0,0.0
uid87_3,5,2,3,1,0,1,1.0,0.0
uid87_3,5,3,3,1,1,2,0.5,0.5
uid87_3,5,4,3,0,1,1,0.0,1.0
uid87_3,5,5,3,1,0,1,1.0,0.0
uid87_3,5,6,3,1,0,1,1.0,0.0
uid87_3,5,7,3,1,0,1,1.0,0.0
uid87_3,5,8,3,1,0,1,1.0,0.0
uid88_3,3,1,3,1,0,1,1.0,0.0
uid88_3,3,2,3,1,0,1,1.0,0.0
uid88_3,3,3,3,1,1,2,0.5,0.5
uid88_3,3,4,3,0,1,1,0.0,1.0
uid88_3,3,6,3,0,1,1,0.0,1.0
uid88_3,4,3,3,0,1,1,0.0,1.0
uid88_3,5,1,3,1,0,1,1.0,0.0
uid88_3,5,2,3,0,1,1,0.0,1.0
uid88_3,5,3,3,0,1,1,0.0,1.0
uid88_3,5,5,3,0,1,1,0.0,1.0
uid88_3,5,6,3,0,1,1,0.0,1.0
uid88_3,5,8,3,0,1,1,0.0,1.0
uid89_3,3,3,3,0,1,1,0.0,1.0
uid89_3,4,1,3,0,1,1,0.0,1.0
uid89_3,4,2,3,1,0,1,1.0,0.0
uid89_3,4,3,3,1,0,1,1.0,0.0
uid89_3,4,4,3,0,1,1,0.0,1.0
uid89_3,4,6,3,0,1,1,0.0,1.0
uid89_3,4,7,3,0,1,1,0.0,1.0
uid89_3,5,1,3,1,1,2,0.5,0.5
uid89_3,5,2,3,1,1,2,0.5,0.5
uid89_3,5,3,3,1,0,1,1.0,0.0
uid89_3,5,4,3,1,0,1,1.0,0.0
uid90_3,5,1,3,2,5,7,0.2857142857142857,0.7142857142857143
uid90_3,5,2,3,2,4,6,0.3333333333333333,0.6666666666666666
uid90_3,5,3,3,1,4,5,0.2,0.8
uid90_3,5,4,3,2,2,4,0.5,0.5
uid90_3,5,5,3,3,1,4,0.75,0.25
uid90_3,5,6,3,2,2,4,0.5,0.5
uid90_3,5,7,3,1,2,3,0.3333333333333333,0.6666666666666666
uid90_3,5,8,3,0,2,2,0.0,1.0
uid90_3,5,9,3,0,1,1,0.0,1.0
uid91_3,4,7,3,1,0,1,1.0,0.0
uid91_3,5,1,3,2,3,5,0.4,0.6
uid91_3,5,2,3,2,4,6,0.3333333333333333,0.6666666666666666
uid91_3,5,3,3,2,3,5,0.4,0.6
uid91_3,5,4,3,1,3,4,0.25,0.75
uid91_3,5,5,3,1,2,3,0.3333333333333333,0.6666666666666666
uid91_3,5,6,3,1,1,2,0.5,0.5
uid91_3,5,7,3,1,1,2,0.5,0.5
uid91_3,5,9,3,1,0,1,1.0,0.0
uid93_3,5,1,3,3,4,7,0.42857142857142855,0.5714285714285714
uid93_3,5,2,3,2,4,6,0.3333333333333333,0.6666666666666666
uid93_3,5,3,3,3,2,5,0.6,0.4
uid93_3,5,4,3,1,3,4,0.25,0.75
uid93_3,5,5,3,2,2,4,0.5,0.5
uid93_3,5,6,3,2,2,4,0.5,0.5
uid93_3,5,7,3,2,1,3,0.6666666666666666,0.3333333333333333
uid93_3,5,8,3,0,2,2,0.0,1.0
uid93_3,5,9,3,0,1,1,0.0,1.0
uid94_3,3,3,3,1,0,1,1.0,0.0
uid94_3,3,4,3,1,0,1,1.0,0.0
uid94_3,4,1,3,2,0,2,1.0,0.0
uid94_3,4,2,3,0,1,1,0.0,1.0
uid94_3,4,3,3,0,2,2,0.0,1.0
uid94_3,4,4,3,0,1,1,0.0,1.0
uid94_3,5,1,3,0,1,1,0.0,1.0
uid97_3,5,1,3,5,4,9,0.5555555555555556,0.4444444444444444
uid97_3,5,2,3,4,4,8,0.5,0.5
uid97_3,5,3,3,2,5,7,0.2857142857142857,0.7142857142857143
uid97_3,5,4,3,2,4,6,0.3333333333333333,0.6666666666666666
uid97_3,5,5,3,1,4,5,0.2,0.8
uid97_3,5,6,3,2,2,4,0.5,0.5
uid97_3,5,7,3,1,2,3,0.3333333333333333,0.6666666666666666
uid97_3,5,8,3,1,1,2,0.5,0.5
uid97_3,5,9,3,0,1,1,0.0,1.0
uid99_3,3,3,3,0,1,1,0.0,1.0
uid99_3,5,1,3,1,3,4,0.25,0.75
uid99_3,5,2,3,1,2,3,0.3333333333333333,0.6666666666666666
uid99_3,5,3,3,0,3,3,0.0,1.0
uid99_3,5,4,3,0,1,1,0.0,1.0
uid99_3,5,5,3,1,1,2,0.5,0.5
uid99_3,5,6,3,1,2,3,0.3333333333333333,0.6666666666666666
uid99_3,5,7,3,1,1,2,0.5,0.5
uid99_3,5,8,3,0,2,2,0.0,1.0
uid99_3,5,9,3,0,1,1,0.0,1.0
uid117_4,4,1,4,4,1,5,0.8,0.2
uid117_4,4,2,4,3,1,4,0.75,0.25
uid117_4,4,3,4,2,2,4,0.5,0.5
uid117_4,4,4,4,3,0,3,1.0,0.0
uid117_4,4,5,4,2,0,2,1.0,0.0
uid117_4,4,6,4,1,0,1,1.0,0.0
uid117_4,4,7,4,1,0,1,1.0,0.0
uid117_4,4,8,4,1,0,1,1.0,0.0
uid117_4,5,1,4,0,1,1,0.0,1.0
uid120_4,4,1,4,0,1,1,0.0,1.0
uid120_4,4,2,4,1,1,2,0.5,0.5
uid120_4,4,3,4,0,2,2,0.0,1.0
uid120_4,4,5,4,0,1,1,0.0,1.0
uid120_4,5,1,4,0,1,1,0.0,1.0
uid120_4,5,2,4,1,0,1,1.0,0.0
uid120_4,5,5,4,0,1,1,0.0,1.0
uid120_4,5,6,4,0,1,1,0.0,1.0
uid120_4,5,7,4,1,0,1,1.0,0.0
uid120_4,5,8,4,1,0,1,1.0,0.0
uid121_4,4,1,4,4,1,5,0.8,0.2
uid121_4,4,2,4,2,2,4,0.5,0.5
uid121_4,4,3,4,4,0,4,1.0,0.0
uid121_4,4,4,4,3,0,3,1.0,0.0
uid121_4,4,5,4,2,0,2,1.0,0.0
uid121_4,4,6,4,2,0,2,1.0,0.0
uid121_4,4,7,4,1,0,1,1.0,0.0
uid121_4,5,3,4,1,0,1,1.0,0.0
uid122_4,4,1,4,1,0,1,1.0,0.0
uid122_4,4,2,4,1,1,2,0.5,0.5
uid122_4,4,3,4,0,1,1,0.0,1.0
uid122_4,4,4,4,2,0,2,1.0,0.0
uid122_4,4,5,4,1,0,1,1.0,0.0
uid122_4,4,6,4,1,0,1,1.0,0.0
uid122_4,4,7,4,0,1,1,0.0,1.0
uid122_4,4,8,4,1,0,1,1.0,0.0
uid122_4,5,1,4,0,1,1,0.0,1.0
uid122_4,5,2,4,0,1,1,0.0,1.0
uid122_4,5,3,4,0,1,1,0.0,1.0
uid123_4,4,1,4,1,1,2,0.5,0.5
uid123_4,4,2,4,1,0,1,1.0,0.0
uid123_4,4,3,4,0,1,1,0.0,1.0
uid123_4,4,4,4,0,1,1,0.0,1.0
uid123_4,4,5,4,0,1,1,0.0,1.0
uid123_4,5,1,4,1,1,2,0.5,0.5
uid123_4,5,2,4,0,1,1,0.0,1.0
uid123_4,5,3,4,0,1,1,0.0,1.0
uid123_4,5,4,4,1,0,1,1.0,0.0
uid123_4,5,5,4,2,0,2,1.0,0.0
uid123_4,5,6,4,1,0,1,1.0,0.0
uid123_4,5,7,4,1,0,1,1.0,0.0
uid123_4,5,8,4,0,1,1,0.0,1.0
uid125_4,4,1,4,0,2,2,0.0,1.0
uid125_4,4,2,4,2,0,2,1.0,0.0
uid125_4,4,3,4,0,3,3,0.0,1.0
uid125_4,4,4,4,0,1,1,0.0,1.0
uid125_4,4,5,4,1,0,1,1.0,0.0
uid125_4,4,6,4,0,1,1,0.0,1.0
uid125_4,5,3,4,1,0,1,1.0,0.0
uid125_4,5,5,4,1,0,1,1.0,0.0
uid125_4,5,8,4,1,0,1,1.0,0.0
uid127_4,4,1,4,1,2,3,0.3333333333333333,0.6666666666666666
uid127_4,4,2,4,0,2,2,0.0,1.0
uid127_4,4,3,4,0,2,2,0.0,1.0
uid127_4,4,4,4,0,2,2,0.0,1.0
uid127_4,4,5,4,0,1,1,0.0,1.0
uid127_4,5,4,4,1,1,2,0.5,0.5
uid127_4,5,8,4,1,0,1,1.0,0.0
uid129_4,4,1,4,1,1,2,0.5,0.5
uid129_4,4,2,4,2,0,2,1.0,0.0
uid129_4,4,3,4,1,1,2,0.5,0.5
uid129_4,4,4,4,1,1,2,0.5,0.5
uid129_4,4,5,4,1,0,1,1.0,0.0
uid129_4,4,7,4,1,0,1,1.0,0.0
uid129_4,5,1,4,1,0,1,1.0,0.0
uid129_4,5,2,4,0,1,1,0.0,1.0
uid129_4,5,3,4,1,0,1,1.0,0.0
uid129_4,5,4,4,0,1,1,0.0,1.0
uid129_4,5,5,4,1,0,1,1.0,0.0
uid129_4,5,7,4,1,0,1,1.0,0.0
uid130_4,4,1,4,0,1,1,0.0,1.0
uid130_4,4,2,4,1,0,1,1.0,0.0
uid130_4,4,3,4,0,2,2,0.0,1.0
uid130_4,4,5,4,0,1,1,0.0,1.0
uid130_4,4,6,4,0,1,1,0.0,1.0
uid130_4,5,1,4,0,1,1,0.0,1.0
uid130_4,5,2,4,1,1,2,0.5,0.5
uid130_4,5,3,4,0,3,3,0.0,1.0
uid130_4,5,5,4,1,1,2,0.5,0.5
uid130_4,5,6,4,0,1,1,0.0,1.0
uid130_4,5,8,4,0,1,1,0.0,1.0
uid131_4,4,1,4,0,1,1,0.0,1.0
uid131_4,4,5,4,0,1,1,0.0,1.0
uid131_4,4,6,4,0,1,1,0.0,1.0
uid131_4,5,1,4,1,2,3,0.3333333333333333,0.6666666666666666
uid131_4,5,2,4,2,1,3,0.6666666666666666,0.3333333333333333
uid131_4,5,3,4,1,2,3,0.3333333333333333,0.6666666666666666
uid131_4,5,4,4,0,2,2,0.0,1.0
uid131_4,5,5,4,1,1,2,0.5,0.5
uid131_4,5,6,4,0,1,1,0.0,1.0
uid131_4,5,8,4,0,1,1,0.0,1.0
uid132_4,3,5,4,0,1,1,0.0,1.0
uid132_4,4,1,4,1,0,1,1.0,0.0
uid132_4,4,2,4,0,1,1,0.0,1.0
uid132_4,4,5,4,1,0,1,1.0,0.0
uid132_4,4,6,4,1,0,1,1.0,0.0
uid132_4,4,7,4,0,1,1,0.0,1.0
uid132_4,4,8,4,0,1,1,0.0,1.0
uid132_4,5,1,4,0,2,2,0.0,1.0
uid132_4,5,2,4,0,1,1,0.0,1.0
uid133_4,3,1,4,1,1,2,0.5,0.5
uid133_4,3,4,4,1,0,1,1.0,0.0
uid133_4,3,5,4,2,0,2,1.0,0.0
uid133_4,3,6,4,1,0,1,1.0,0.0
uid133_4,4,1,4,0,1,1,0.0,1.0
uid133_4,4,3,4,1,0,1,1.0,0.0
uid133_4,4,4,4,0,1,1,0.0,1.0
uid133_4,5,3,4,1,0,1,1.0,0.0
uid134_4,4,1,4,3,0,3,1.0,0.0
uid134_4,4,2,4,2,0,2,1.0,0.0
uid134_4,4,3,4,1,1,2,0.5,0.5
uid134_4,4,4,4,0,1,1,0.0,1.0
uid134_4,4,5,4,0,1,1,0.0,1.0
uid134_4,4,6,4,1,0,1,1.0,0.0
uid134_4,5,1,4,1,0,1,1.0,0.0
uid134_4,5,2,4,0,1,1,0.0,1.0
uid134_4,5,3,4,0,1,1,0.0,1.0
uid134_4,5,5,4,0,1,1,0.0,1.0
uid134_4,5,6,4,1,0,1,1.0,0.0
uid134_4,5,8,4,0,1,1,0.0,1.0
uid135_4,4,1,4,0,1,1,0.0,1.0
uid135_4,4,2,4,2,1,3,0.6666666666666666,0.3333333333333333
uid135_4,4,3,4,0,1,1,0.0,1.0
uid135_4,4,4,4,2,0,2,1.0,0.0
uid135_4,4,5,4,1,0,1,1.0,0.0
uid135_4,4,6,4,1,0,1,1.0,0.0
uid135_4,4,7,4,0,1,1,0.0,1.0
uid135_4,5,2,4,0,1,1,0.0,1.0
uid135_4,5,3,4,0,1,1,0.0,1.0
uid135_4,5,5,4,0,1,1,0.0,1.0
uid136_4,4,1,4,0,1,1,0.0,1.0
uid136_4,4,2,4,0,1,1,0.0,1.0
uid136_4,4,5,4,1,0,1,1.0,0.0
uid136_4,4,6,4,1,0,1,1.0,0.0
uid136_4,4,7,4,1,0,1,1.0,0.0
uid136_4,4,8,4,1,0,1,1.0,0.0
uid136_4,5,1,4,1,2,3,0.3333333333333333,0.6666666666666666
uid136_4,5,2,4,0,2,2,0.0,1.0
uid136_4,5,3,4,0,1,1,0.0,1.0
uid137_4,4,1,4,1,1,2,0.5,0.5
uid137_4,4,2,4,1,1,2,0.5,0.5
uid137_4,4,3,4,1,1,2,0.5,0.5
uid137_4,4,4,4,0,1,1,0.0,1.0
uid137_4,4,5,4,0,1,1,0.0,1.0
uid137_4,4,6,4,1,0,1,1.0,0.0
uid137_4,4,7,4,0,1,1,0.0,1.0
uid137_4,5,1,4,0,1,1,0.0,1.0
uid137_4,5,2,4,1,1,2,0.5,0.5
uid137_4,5,3,4,0,2,2,0.0,1.0
uid137_4,5,5,4,0,1,1,0.0,1.0
uid142_4,3,1,4,0,1,1,0.0,1.0
uid142_4,4,1,4,0,3,3,0.0,1.0
uid142_4,4,2,4,0,2,2,0.0,1.0
uid142_4,4,3,4,1,1,2,0.5,0.5
uid142_4,4,4,4,1,2,3,0.3333333333333333,0.6666666666666666
uid142_4,4,5,4,1,1,2,0.5,0.5
uid142_4,4,6,4,0,1,1,0.0,1.0
uid142_4,4,7,4,1,0,1,1.0,0.0
uid142_4,4,8,4,0,1,1,0.0,1.0
uid143_4,4,1,4,1,4,5,0.2,0.8
uid143_4,4,2,4,2,2,4,0.5,0.5
uid143_4,4,3,4,1,3,4,0.25,0.75
uid143_4,4,4,4,1,2,3,0.3333333333333333,0.6666666666666666
uid143_4,4,5,4,2,0,2,1.0,0.0
uid143_4,4,6,4,0,2,2,0.0,1.0
uid143_4,4,7,4,0,1,1,0.0,1.0
uid143_4,5,3,4,1,0,1,1.0,0.0
uid144_4,3,1,4,1,1,2,0.5,0.5
uid144_4,3,2,4,1,0,1,1.0,0.0
uid144_4,4,1,4,1,0,1,1.0,0.0
uid144_4,4,2,4,0,1,1,0.0,1.0
uid144_4,4,3,4,0,1,1,0.0,1.0
uid144_4,4,4,4,0,1,1,0.0,1.0
uid144_4,4,6,4,0,1,1,0.0,1.0
uid144_4,4,7,4,0,1,1,0.0,1.0
uid144_4,5,3,4,1,0,1,1.0,0.0
uid145_4,4,1,4,2,1,3,0.6666666666666666,0.3333333333333333
uid145_4,4,2,4,1,0,1,1.0,0.0
uid145_4,4,3,4,1,0,1,1.0,0.0
uid145_4,4,4,4,1,1,2,0.5,0.5
uid145_4,4,5,4,2,0,2,1.0,0.0
uid145_4,4,6,4,1,0,1,1.0,0.0
uid145_4,5,1,4,0,1,1,0.0,1.0
uid145_4,5,3,4,1,0,1,1.0,0.0
uid145_4,5,4,4,1,1,2,0.5,0.5
uid145_4,5,5,4,1,0,1,1.0,0.0
uid145_4,5,8,4,1,0,1,1.0,0.0
uid146_4,4,3,4,1,1,2,0.5,0.5
uid146_4,4,6,4,1,0,1,1.0,0.0
uid146_4,5,1,4,1,1,2,0.5,0.5
uid146_4,5,2,4,2,1,3,0.6666666666666666,0.3333333333333333
uid146_4,5,3,4,1,3,4,0.25,0.75
uid146_4,5,4,4,1,0,1,1.0,0.0
uid146_4,5,5,4,1,1,2,0.5,0.5
uid146_4,5,6,4,1,1,2,0.5,0.5
uid146_4,5,8,4,0,1,1,0.0,1.0
uid147_4,3,6,4,1,0,1,1.0,0.0
uid147_4,4,2,4,1,1,2,0.5,0.5
uid147_4,4,4,4,0,1,1,0.0,1.0
uid147_4,5,1,4,0,1,1,0.0,1.0
uid147_4,5,2,4,2,0,2,1.0,0.0
uid147_4,5,3,4,1,1,2,0.5,0.5
uid147_4,5,5,4,1,0,1,1.0,0.0
uid150_5,3,1,5,1,0,1,1.0,0.0
uid150_5,4,1,5,0,1,1,0.0,1.0
uid150_5,4,3,5,0,1,1,0.0,1.0
uid150_5,4,4,5,0,1,1,0.0,1.0
uid150_5,5,2,5,0,1,1,0.0,1.0
uid150_5,5,7,5,1,0,1,1.0,0.0
uid150_5,5,9,5,1,0,1,1.0,0.0
uid151_5,3,1,5,1,0,1,1.0,0.0
uid151_5,3,2,5,0,1,1,0.0,1.0
uid151_5,3,3,5,1,0,1,1.0,0.0
uid151_5,3,4,5,1,0,1,1.0,0.0
uid151_5,3,5,5,1,0,1,1.0,0.0
uid151_5,3,6,5,1,0,1,1.0,0.0
uid151_5,4,3,5,0,1,1,0.0,1.0
uid151_5,4,4,5,1,0,1,1.0,0.0
uid151_5,4,7,5,1,0,1,1.0,0.0
uid151_5,5,4,5,2,0,2,1.0,0.0
uid151_5,5,8,5,1,0,1,1.0,0.0
uid153_5,4,1,5,2,1,3,0.6666666666666666,0.3333333333333333
uid153_5,4,2,5,2,0,2,1.0,0.0
uid153_5,4,3,5,2,1,3,0.6666666666666666,0.3333333333333333
uid153_5,4,4,5,2,1,3,0.6666666666666666,0.3333333333333333
uid153_5,4,5,5,0,1,1,0.0,1.0
uid153_5,4,6,5,1,0,1,1.0,0.0
uid153_5,4,7,5,1,0,1,1.0,0.0
uid153_5,4,8,5,1,0,1,1.0,0.0
uid153_5,5,2,5,1,0,1,1.0,0.0
uid153_5,5,4,5,1,0,1,1.0,0.0
uid153_5,5,6,5,1,0,1,1.0,0.0
uid154_5,4,2,5,1,0,1,1.0,0.0
uid154_5,4,4,5,1,0,1,1.0,0.0
uid154_5,4,6,5,1,0,1,1.0,0.0
uid154_5,5,1,5,0,2,2,0.0,1.0
uid154_5,5,2,5,1,3,4,0.25,0.75
uid154_5,5,3,5,0,2,2,0.0,1.0
uid154_5,5,4,5,0,3,3,0.0,1.0
uid154_5,5,5,5,0,1,1,0.0,1.0
uid154_5,5,6,5,0,2,2,0.0,1.0
uid154_5,5,8,5,0,1,1,0.0,1.0
uid155_5,3,2,5,0,1,1,0.0,1.0
uid155_5,3,5,5,1,0,1,1.0,0.0
uid155_5,4,1,5,0,1,1,0.0,1.0
uid155_5,4,4,5,1,1,2,0.5,0.5
uid155_5,4,5,5,1,1,2,0.5,0.5
uid155_5,5,1,5,0,1,1,0.0,1.0
uid155_5,5,4,5,0,1,1,0.0,1.0
uid155_5,5,5,5,0,1,1,0.0,1.0
uid156_5,4,4,5,0,1,1,0.0,1.0
uid156_5,5,2,5,1,0,1,1.0,0.0
uid156_5,5,3,5,0,1,1,0.0,1.0
uid156_5,5,4,5,0,1,1,0.0,1.0
uid156_5,5,6,5,0,1,1,0.0,1.0
uid156_5,5,7,5,0,1,1,0.0,1.0
uid156_5,5,9,5,0,1,1,0.0,1.0
uid157_5,3,2,5,1,0,1,1.0,0.0
uid157_5,3,5,5,1,0,1,1.0,0.0
uid157_5,4,4,5,1,0,1,1.0,0.0
uid157_5,5,1,5,1,0,1,1.0,0.0
uid157_5,5,2,5,0,3,3,0.0,1.0
uid157_5,5,3,5,1,0,1,1.0,0.0
uid157_5,5,4,5,0,2,2,0.0,1.0
uid157_5,5,5,5,0,1,1,0.0,1.0
uid157_5,5,6,5,0,1,1,0.0,1.0
uid157_5,5,7,5,0,1,1,0.0,1.0
uid158_5,3,2,5,1,0,1,1.0,0.0
uid158_5,4,1,5,1,0,1,1.0,0.0
uid158_5,4,2,5,0,1,1,0.0,1.0
uid158_5,4,3,5,1,0,1,1.0,0.0
uid158_5,5,1,5,0,1,1,0.0,1.0
uid158_5,5,2,5,1,1,2,0.5,0.5
uid158_5,5,3,5,0,2,2,0.0,1.0
uid158_5,5,4,5,0,2,2,0.0,1.0
uid158_5,5,5,5,0,1,1,0.0,1.0
uid158_5,5,6,5,0,1,1,0.0,1.0
uid158_5,5,8,5,0,1,1,0.0,1.0
uid160_5,3,1,5,0,1,1,0.0,1.0
uid160_5,3,2,5,1,0,1,1.0,0.0
uid160_5,3,3,5,1,0,1,1.0,0.0
uid160_5,3,4,5,1,0,1,1.0,0.0
uid160_5,3,5,5,1,0,1,1.0,0.0
uid160_5,4,1,5,1,0,1,1.0,0.0
uid160_5,4,3,5,0,1,1,0.0,1.0
uid160_5,4,4,5,1,0,1,1.0,0.0
uid160_5,4,5,5,0,1,1,0.0,1.0
uid160_5,4,6,5,1,0,1,1.0,0.0
uid160_5,5,5,5,1,0,1,1.0,0.0
uid161_5,4,1,5,2,0,2,1.0,0.0
uid161_5,4,2,5,0,1,1,0.0,1.0
uid161_5,4,3,5,2,0,2,1.0,0.0
uid161_5,4,4,5,1,0,1,1.0,0.0
uid161_5,5,1,5,1,1,2,0.5,0.5
uid161_5,5,2,5,0,2,2,0.0,1.0
uid161_5,5,3,5,2,0,2,1.0,0.0
uid161_5,5,4,5,0,1,1,0.0,1.0
uid161_5,5,5,5,0,1,1,0.0,1.0
uid161_5,5,6,5,1,0,1,1.0,0.0
uid161_5,5,7,5,0,1,1,0.0,1.0
uid162_5,4,2,5,2,1,3,0.6666666666666666,0.3333333333333333
uid162_5,4,4,5,2,0,2,1.0,0.0
uid162_5,4,6,5,1,0,1,1.0,0.0
uid162_5,5,1,5,0,1,1,0.0,1.0
uid162_5,5,2,5,1,3,4,0.25,0.75
uid162_5,5,3,5,0,1,1,0.0,1.0
uid162_5,5,4,5,0,3,3,0.0,1.0
uid162_5,5,5,5,0,1,1,0.0,1.0
uid162_5,5,6,5,0,2,2,0.0,1.0
uid162_5,5,7,5,0,1,1,0.0,1.0
uid162_5,5,8,5,0,1,1,0.0,1.0
uid162_5,5,9,5,0,1,1,0.0,1.0
uid163_5,4,2,5,1,1,2,0.5,0.5
uid163_5,4,3,5,1,0,1,1.0,0.0
uid163_5,4,5,5,2,0,2,1.0,0.0
uid163_5,4,7,5,1,0,1,1.0,0.0
uid163_5,5,1,5,1,0,1,1.0,0.0
uid163_5,5,2,5,2,2,4,0.5,0.5
uid163_5,5,3,5,2,0,2,1.0,0.0
uid163_5,5,4,5,0,2,2,0.0,1.0
uid163_5,5,5,5,2,1,3,0.6666666666666666,0.3333333333333333
uid163_5,5,7,5,1,1,2,0.5,0.5
uid163_5,5,9,5,0,1,1,0.0,1.0
uid164_5,3,5,5,0,1,1,0.0,1.0
uid164_5,4,2,5,0,2,2,0.0,1.0
uid164_5,4,3,5,1,0,1,1.0,0.0
uid164_5,4,5,5,1,1,2,0.5,0.5
uid164_5,4,7,5,0,1,1,0.0,1.0
uid164_5,5,1,5,1,0,1,1.0,0.0
uid164_5,5,5,5,0,1,1,0.0,1.0
uid164_5,5,6,5,0,1,1,0.0,1.0
uid165_5,3,4,5,1,0,1,1.0,0.0
uid165_5,4,1,5,2,1,3,0.6666666666666666,0.3333333333333333
uid165_5,4,2,5,0,2,2,0.0,1.0
uid165_5,4,3,5,1,0,1,1.0,0.0
uid165_5,5,1,5,1,1,2,0.5,0.5
uid165_5,5,2,5,0,2,2,0.0,1.0
uid165_5,5,3,5,0,1,1,0.0,1.0
uid165_5,5,4,5,0,1,1,0.0,1.0
uid166_5,3,1,5,1,1,2,0.5,0.5
uid166_5,3,2,5,1,1,2,0.5,0.5
uid166_5,3,3,5,0,1,1,0.0,1.0
uid166_5,3,4,5,1,0,1,1.0,0.0
uid166_5,4,1,5,1,0,1,1.0,0.0
uid166_5,4,8,5,0,1,1,0.0,1.0
uid166_5,5,1,5,0,1,1,0.0,1.0
uid166_5,5,2,5,0,1,1,0.0,1.0
uid166_5,5,3,5,0,1,1,0.0,1.0
uid167_5,3,2,5,0,1,1,0.0,1.0
uid167_5,4,1,5,1,0,1,1.0,0.0
uid167_5,4,2,5,0,1,1,0.0,1.0
uid167_5,4,3,5,1,0,1,1.0,0.0
uid167_5,4,4,5,0,1,1,0.0,1.0
uid167_5,4,6,5,0,1,1,0.0,1.0
uid167_5,4,7,5,0,1,1,0.0,1.0
uid167_5,5,2,5,0,1,1,0.0,1.0
uid167_5,5,7,5,1,0,1,1.0,0.0
uid167_5,5,9,5,1,0,1,1.0,0.0
uid168_5,3,2,5,1,1,2,0.5,0.5
uid168_5,3,3,5,1,0,1,1.0,0.0
uid168_5,3,4,5,0,1,1,0.0,1.0
uid168_5,3,5,5,1,0,1,1.0,0.0
uid168_5,4,2,5,1,1,2,0.5,0.5
uid168_5,4,4,5,1,0,1,1.0,0.0
uid168_5,5,2,5,1,0,1,1.0,0.0
uid169_5,3,1,5,0,1,1,0.0,1.0
uid169_5,3,2,5,0,1,1,0.0,1.0
uid169_5,3,3,5,0,1,1,0.0,1.0
uid169_5,4,1,5,2,1,3,0.6666666666666666,0.3333333333333333
uid169_5,4,2,5,2,0,2,1.0,0.0
uid169_5,4,3,5,1,1,2,0.5,0.5
uid169_5,4,4,5,1,0,1,1.0,0.0
uid169_5,4,5,5,0,1,1,0.0,1.0
uid169_5,4,6,5,1,0,1,1.0,0.0
uid169_5,5,9,5,1,0,1,1.0,0.0
uid170_5,3,1,5,1,1,2,0.5,0.5
uid170_5,3,2,5,1,0,1,1.0,0.0
uid170_5,3,4,5,1,0,1,1.0,0.0
uid170_5,3,5,5,1,0,1,1.0,0.0
uid170_5,3,6,5,1,0,1,1.0,0.0
uid170_5,4,3,5,0,1,1,0.0,1.0
uid170_5,5,2,5,0,1,1,0.0,1.0
uid170_5,5,3,5,1,0,1,1.0,0.0
uid170_5,5,4,5,0,1,1,0.0,1.0
uid170_5,5,5,5,1,0,1,1.0,0.0
uid170_5,5,6,5,0,1,1,0.0,1.0
uid170_5,5,9,5,0,1,1,0.0,1.0
uid171_5,3,2,5,1,0,1,1.0,0.0
uid171_5,4,2,5,1,1,2,0.5,0.5
uid171_5,4,3,5,1,0,1,1.0,0.0
uid171_5,4,4,5,1,0,1,1.0,0.0
uid171_5,4,5,5,1,0,1,1.0,0.0
uid171_5,4,7,5,1,0,1,1.0,0.0
uid171_5,5,2,5,1,1,2,0.5,0.5
uid171_5,5,4,5,1,1,2,0.5,0.5
uid171_5,5,6,5,0,1,1,0.0,1.0
uid171_5,5,8,5,0,1,1,0.0,1.0
uid172_5,3,1,5,0,1,1,0.0,1.0
uid172_5,3,2,5,1,0,1,1.0,0.0
uid172_5,3,3,5,1,0,1,1.0,0.0
uid172_5,4,2,5,1,1,2,0.5,0.5
uid172_5,4,3,5,1,0,1,1.0,0.0
uid172_5,4,5,5,1,1,2,0.5,0.5
uid172_5,4,7,5,0,1,1,0.0,1.0
uid172_5,5,1,5,1,0,1,1.0,0.0
uid172_5,5,7,5,0,1,1,0.0,1.0
uid172_5,5,8,5,1,0,1,1.0,0.0
uid173_5,3,2,5,2,0,2,1.0,0.0
uid173_5,3,4,5,1,0,1,1.0,0.0
uid173_5,4,1,5,0,1,1,0.0,1.0
uid173_5,4,2,5,1,1,2,0.5,0.5
uid173_5,4,3,5,1,0,1,1.0,0.0
uid173_5,4,4,5,0,1,1,0.0,1.0
uid173_5,4,5,5,0,1,1,0.0,1.0
uid173_5,4,6,5,0,1,1,0.0,1.0
uid173_5,4,7,5,1,1,2,0.5,0.5
uid173_5,5,4,5,0,1,1,0.0,1.0
uid174_5,3,1,5,1,0,1,1.0,0.0
uid174_5,3,2,5,1,0,1,1.0,0.0
uid174_5,3,3,5,1,0,1,1.0,0.0
uid174_5,3,4,5,0,1,1,0.0,1.0
uid174_5,3,5,5,1,0,1,1.0,0.0
uid174_5,4,2,5,0,1,1,0.0,1.0
uid174_5,5,4,5,1,0,1,1.0,0.0
uid175_5,3,1,5,1,0,1,1.0,0.0
uid175_5,4,2,5,1,0,1,1.0,0.0
uid175_5,4,4,5,0,1,1,0.0,1.0
uid175_5,4,6,5,1,0,1,1.0,0.0
uid175_5,5,2,5,1,0,1,1.0,0.0
uid175_5,5,7,5,1,0,1,1.0,0.0
uid175_5,5,9,5,1,0,1,1.0,0.0
uid177_5,3,1,5,2,0,2,1.0,0.0
uid177_5,3,2,5,1,0,1,1.0,0.0
uid177_5,4,1,5,1,4,5,0.2,0.8
uid177_5,4,2,5,0,3,3,0.0,1.0
uid177_5,4,3,5,0,2,2,0.0,1.0
uid177_5,4,4,5,0,2,2,0.0,1.0
uid177_5,4,5,5,0,2,2,0.0,1.0
uid177_5,4,6,5,0,2,2,0.0,1.0
uid177_5,4,7,5,0,2,2,0.0,1.0
uid177_5,4,8,5,0,2,2,0.0,1.0
uid178_5,3,1,5,1,1,2,0.5,0.5
uid178_5,3,2,5,0,1,1,0.0,1.0
uid178_5,3,3,5,1,0,1,1.0,0.0
uid178_5,3,4,5,1,0,1,1.0,0.0
uid178_5,3,5,5,1,0,1,1.0,0.0
uid178_5,4,1,5,0,1,1,0.0,1.0
uid178_5,4,2,5,1,0,1,1.0,0.0
uid178_5,4,3,5,0,1,1,0.0,1.0
uid178_5,5,4,5,0,1,1,0.0,1.0
uid178_5,5,5,5,1,0,1,1.0,0.0
uid178_5,5,9,5,1,0,1,1.0,0.0
uid179_5,4,1,5,1,0,1,1.0,0.0
uid179_5,4,5,5,1,0,1,1.0,0.0
uid179_5,4,6,5,1,0,1,1.0,0.0
uid179_5,5,1,5,2,1,3,0.6666666666666666,0.3333333333333333
uid179_5,5,2,5,2,2,4,0.5,0.5
uid179_5,5,3,5,1,1,2,0.5,0.5
uid179_5,5,4,5,1,1,2,0.5,0.5
uid179_5,5,5,5,1,1,2,0.5,0.5
uid179_5,5,6,5,1,0,1,1.0,0.0
uid179_5,5,7,5,1,0,1,1.0,0.0
uid180_6,4,1,6,4,5,9,0.4444444444444444,0.5555555555555556
uid180_6,4,2,6,3,5,8,0.375,0.625
uid180_6,4,3,6,2,5,7,0.2857142857142857,0.7142857142857143
uid180_6,4,4,6,2,4,6,0.3333333333333333,0.6666666666666666
uid180_6,4,5,6,2,3,5,0.4,0.6
uid180_6,4,6,6,1,4,5,0.2,0.8
uid180_6,4,7,6,1,4,5,0.2,0.8
uid180_6,4,8,6,1,3,4,0.25,0.75
uid181_6,3,1,6,1,1,2,0.5,0.5
uid181_6,3,2,6,0,1,1,0.0,1.0
uid181_6,3,3,6,1,0,1,1.0,0.0
uid181_6,3,4,6,1,0,1,1.0,0.0
uid181_6,3,5,6,0,1,1,0.0,1.0
uid181_6,4,1,6,0,1,1,0.0,1.0
uid181_6,4,3,6,1,0,1,1.0,0.0
uid181_6,4,6,6,1,0,1,1.0,0.0
uid181_6,4,7,6,1,0,1,1.0,0.0
uid181_6,5,1,6,0,1,1,0.0,1.0
uid181_6,5,5,6,0,1,1,0.0,1.0
uid181_6,5,6,6,0,1,1,0.0,1.0
uid182_6,3,4,6,1,0,1,1.0,0.0
uid182_6,4,1,6,3,0,3,1.0,0.0
uid182_6,4,2,6,0,1,1,0.0,1.0
uid182_6,4,3,6,1,2,3,0.3333333333333333,0.6666666666666666
uid182_6,4,4,6,1,2,3,0.3333333333333333,0.6666666666666666
uid182_6,4,5,6,0,1,1,0.0,1.0
uid182_6,4,6,6,0,1,1,0.0,1.0
uid182_6,4,7,6,0,2,2,0.0,1.0
uid182_6,4,8,6,0,1,1,0.0,1.0
uid182_6,5,4,6,1,1,2,0.5,0.5
uid182_6,5,8,6,1,0,1,1.0,0.0
uid184_6,3,2,6,1,0,1,1.0,0.0
uid184_6,3,6,6,0,1,1,0.0,1.0
uid184_6,4,4,6,0,1,1,0.0,1.0
uid184_6,5,7,6,0,1,1,0.0,1.0
uid186_6,3,4,6,0,1,1,0.0,1.0
uid186_6,3,6,6,1,0,1,1.0,0.0
uid186_6,4,1,6,0,2,2,0.0,1.0
uid186_6,4,2,6,3,1,4,0.75,0.25
uid186_6,4,3,6,1,1,2,0.5,0.5
uid186_6,4,4,6,2,1,3,0.6666666666666666,0.3333333333333333
uid186_6,4,5,6,1,0,1,1.0,0.0
uid186_6,4,6,6,1,1,2,0.5,0.5
uid186_6,4,8,6,1,0,1,1.0,0.0
uid186_6,5,1,6,0,1,1,0.0,1.0
uid186_6,5,4,6,0,1,1,0.0,1.0
uid186_6,5,5,6,0,1,1,0.0,1.0
uid187_6,4,1,6,1,2,3,0.3333333333333333,0.6666666666666666
uid187_6,4,2,6,1,3,4,0.25,0.75
uid187_6,4,3,6,1,2,3,0.3333333333333333,0.6666666666666666
uid187_6,4,4,6,0,2,2,0.0,1.0
uid187_6,4,5,6,1,2,3,0.3333333333333333,0.6666666666666666
uid187_6,4,6,6,0,2,2,0.0,1.0
uid187_6,4,7,6,0,1,1,0.0,1.0
uid187_6,4,8,6,0,2,2,0.0,1.0
uid187_6,5,3,6,0,1,1,0.0,1.0
uid187_6,5,5,6,0,1,1,0.0,1.0
uid187_6,5,8,6,0,1,1,0.0,1.0
uid188_6,3,2,6,1,3,4,0.25,0.75
uid188_6,3,4,6,1,2,3,0.3333333333333333,0.6666666666666666
uid188_6,3,6,6,0,2,2,0.0,1.0
uid188_6,4,1,6,0,1,1,0.0,1.0
uid188_6,4,2,6,1,1,2,0.5,0.5
uid188_6,4,3,6,0,1,1,0.0,1.0
uid188_6,4,4,6,0,1,1,0.0,1.0
uid188_6,4,6,6,1,1,2,0.5,0.5
uid188_6,4,7,6,0,1,1,0.0,1.0
uid188_6,4,8,6,1,0,1,1.0,0.0
uid188_6,5,6,6,0,1,1,0.0,1.0
uid189_6,4,2,6,1,1,2,0.5,0.5
uid189_6,4,4,6,0,2,2,0.0,1.0
uid189_6,4,6,6,1,0,1,1.0,0.0
uid189_6,4,8,6,0,1,1,0.0,1.0
uid189_6,5,1,6,1,0,1,1.0,0.0
uid189_6,5,5,6,0,1,1,0.0,1.0
uid189_6,5,6,6,1,0,1,1.0,0.0
uid190_6,3,1,6,0,1,1,0.0,1.0
uid190_6,3,2,6,1,0,1,1.0,0.0
uid190_6,3,3,6,1,0,1,1.0,0.0
uid190_6,4,1,6,1,2,3,0.3333333333333333,0.6666666666666666
uid190_6,4,2,6,1,3,4,0.25,0.75
uid190_6,4,3,6,0,3,3,0.0,1.0
uid190_6,4,4,6,0,1,1,0.0,1.0
uid190_6,4,5,6,0,3,3,0.0,1.0
uid190_6,4,6,6,0,1,1,0.0,1.0
uid190_6,4,7,6,0,2,2,0.0,1.0
uid190_6,4,8,6,0,2,2,0.0,1.0
uid190_6,5,7,6,0,1,1,0.0,1.0
uid192_6,3,1,6,0,1,1,0.0,1.0
uid192_6,3,6,6,0,1,1,0.0,1.0
uid192_6,4,3,6,1,0,1,1.0,0.0
uid192_6,4,4,6,0,1,1,0.0,1.0
uid192_6,4,7,6,0,1,1,0.0,1.0
uid195_6,3,1,6,1,0,1,1.0,0.0
uid195_6,3,2,6,0,1,1,0.0,1.0
uid195_6,3,3,6,1,0,1,1.0,0.0
uid195_6,3,5,6,0,1,1,0.0,1.0
uid195_6,3,6,6,0,1,1,0.0,1.0
uid195_6,4,1,6,0,2,2,0.0,1.0
uid195_6,4,2,6,0,1,1,0.0,1.0
uid195_6,4,4,6,1,0,1,1.0,0.0
uid195_6,4,5,6,0,1,1,0.0,1.0
uid195_6,4,6,6,0,1,1,0.0,1.0
uid196_6,3,1,6,3,2,5,0.6,0.4
uid196_6,3,2,6,3,2,5,0.6,0.4
uid196_6,3,3,6,3,1,4,0.75,0.25
uid196_6,3,4,6,3,0,3,1.0,0.0
uid196_6,3,5,6,1,1,2,0.5,0.5
uid196_6,3,6,6,1,0,1,1.0,0.0
uid196_6,4,2,6,2,0,2,1.0,0.0
uid196_6,4,4,6,1,0,1,1.0,0.0
uid197_6,3,1,6,1,0,1,1.0,0.0
uid197_6,3,2,6,0,1,1,0.0,1.0
uid197_6,3,3,6,0,1,1,0.0,1.0
uid197_6,3,4,6,2,0,2,1.0,0.0
uid197_6,3,5,6,1,0,1,1.0,0.0
uid197_6,3,6,6,0,1,1,0.0,1.0
uid197_6,4,2,6,0,1,1,0.0,1.0
uid197_6,4,4,6,1,0,1,1.0,0.0
uid197_6,4,6,6,1,0,1,1.0,0.0
uid197_6,5,1,6,0,1,1,0.0,1.0
uid197_6,5,3,6,0,1,1,0.0,1.0
uid197_6,5,4,6,0,1,1,0.0,1.0
uid197_6,5,5,6,0,1,1,0.0,1.0
uid197_6,5,7,6,0,1,1,0.0,1.0
uid197_6,5,8,6,0,1,1,0.0,1.0
uid198_6,4,1,6,4,2,6,0.6666666666666666,0.3333333333333333
uid198_6,4,2,6,1,3,4,0.25,0.75
uid198_6,4,3,6,1,2,3,0.3333333333333333,0.6666666666666666
uid198_6,4,4,6,1,1,2,0.5,0.5
uid198_6,4,5,6,0,3,3,0.0,1.0
uid198_6,4,6,6,3,1,4,0.75,0.25
uid198_6,4,7,6,1,2,3,0.3333333333333333,0.6666666666666666
uid198_6,4,8,6,0,2,2,0.0,1.0
uid199_6,4,1,6,3,4,7,0.42857142857142855,0.5714285714285714
uid199_6,4,2,6,3,3,6,0.5,0.5
uid199_6,4,3,6,4,1,5,0.8,0.2
uid199_6,4,4,6,3,3,6,0.5,0.5
uid199_6,4,5,6,2,3,5,0.4,0.6
uid199_6,4,6,6,2,2,4,0.5,0.5
uid199_6,4,7,6,3,0,3,1.0,0.0
uid199_6,4,8,6,2,1,3,0.6666666666666666,0.3333333333333333
uid200_6,3,6,6,1,0,1,1.0,0.0
uid201_6,3,1,6,0,2,2,0.0,1.0
uid201_6,3,2,6,1,0,1,1.0,0.0
uid201_6,3,3,6,1,0,1,1.0,0.0
uid201_6,4,1,6,0,1,1,0.0,1.0
uid201_6,4,3,6,1,1,2,0.5,0.5
uid201_6,4,4,6,1,1,2,0.5,0.5
uid201_6,4,7,6,1,0,1,1.0,0.0
uid201_6,5,1,6,1,0,1,1.0,0.0
uid202_6,3,1,6,2,2,4,0.5,0.5
uid202_6,3,2,6,0,2,2,0.0,1.0
uid202_6,3,3,6,0,1,1,0.0,1.0
uid202_6,3,4,6,1,0,1,1.0,0.0
uid202_6,3,5,6,2,0,2,1.0,0.0
uid202_6,3,6,6,1,1,2,0.5,0.5
uid203_6,4,1,6,3,4,7,0.42857142857142855,0.5714285714285714
uid203_6,4,2,6,5,2,7,0.7142857142857143,0.2857142857142857
uid203_6,4,3,6,2,4,6,0.3333333333333333,0.6666666666666666
uid203_6,4,4,6,5,1,6,0.8333333333333334,0.16666666666666666
uid203_6,4,5,6,1,3,4,0.25,0.75
uid203_6,4,6,6,4,0,4,1.0,0.0
uid203_6,4,7,6,1,3,4,0.25,0.75
uid203_6,4,8,6,3,0,3,1.0,0.0
uid203_6,5,4,6,1,0,1,1.0,0.0
uid205_6,4,1,6,0,1,1,0.0,1.0
uid205_6,4,4,6,1,0,1,1.0,0.0
uid205_6,4,5,6,0,1,1,0.0,1.0
uid205_6,4,6,6,0,1,1,0.0,1.0
uid205_6,5,1,6,2,2,4,0.5,0.5
uid205_6,5,2,6,1,2,3,0.3333333333333333,0.6666666666666666
uid205_6,5,3,6,0,3,3,0.0,1.0
uid205_6,5,4,6,0,2,2,0.0,1.0
uid205_6,5,5,6,0,2,2,0.0,1.0
uid205_6,5,6,6,0,1,1,0.0,1.0
uid206_6,3,1,6,1,0,1,1.0,0.0
uid206_6,3,3,6,1,0,1,1.0,0.0
uid206_6,3,4,6,1,0,1,1.0,0.0
uid206_6,4,2,6,1,0,1,1.0,0.0
uid206_6,5,1,6,0,2,2,0.0,1.0
uid206_6,5,2,6,1,1,2,0.5,0.5
uid206_6,5,3,6,0,1,1,0.0,1.0
uid206_6,5,4,6,0,1,1,0.0,1.0
uid206_6,5,5,6,0,1,1,0.0,1.0
uid206_6,5,7,6,0,1,1,0.0,1.0
uid206_6,5,8,6,0,1,1,0.0,1.0
uid206_6,5,9,6,0,1,1,0.0,1.0
uid207_6,3,6,6,1,0,1,1.0,0.0
uid207_6,4,1,6,0,1,1,0.0,1.0
uid207_6,4,2,6,1,0,1,1.0,0.0
uid207_6,4,3,6,1,0,1,1.0,0.0
uid208_6,3,1,6,0,1,1,0.0,1.0
uid208_6,3,2,6,1,0,1,1.0,0.0
uid208_6,3,3,6,0,1,1,0.0,1.0
uid208_6,4,1,6,0,1,1,0.0,1.0
uid208_6,4,5,6,1,0,1,1.0,0.0
uid208_6,4,6,6,1,0,1,1.0,0.0
uid208_6,5,1,6,1,0,1,1.0,0.0
uid209_6,3,1,6,0,1,1,0.0,1.0
uid209_6,3,3,6,1,0,1,1.0,0.0
uid209_6,3,4,6,0,2,2,0.0,1.0
uid209_6,3,5,6,0,1,1,0.0,1.0
uid209_6,4,3,6,1,1,2,0.5,0.5
uid209_6,4,6,6,0,1,1,0.0,1.0
uid209_6,5,1,6,0,1,1,0.0,1.0
uid209_6,5,5,6,0,1,1,0.0,1.0
uid209_6,5,6,6,0,1,1,0.0,1.0
uid210_6,3,1,6,0,1,1,0.0,1.0
uid210_6,3,3,6,0,1,1,0.0,1.0
uid210_6,3,6,6,1,0,1,1.0,0.0
uid210_6,4,1,6,0,1,1,0.0,1.0
uid210_6,4,5,6,0,1,1,0.0,1.0
uid210_6,4,6,6,0,1,1,0.0,1.0
uid210_6,5,3,6,1,0,1,1.0,0.0
uid211_6,3,2,6,1,0,1,1.0,0.0
uid211_6,3,6,6,0,1,1,0.0,1.0
uid211_6,4,4,6,1,0,1,1.0,0.0
uid211_6,5,1,6,1,1,2,0.5,0.5
uid211_6,5,2,6,2,0,2,1.0,0.0
uid211_6,5,3,6,2,1,3,0.6666666666666666,0.3333333333333333
uid211_6,5,4,6,0,2,2,0.0,1.0
uid211_6,5,5,6,1,1,2,0.5,0.5
uid211_6,5,6,6,0,1,1,0.0,1.0
uid211_6,5,7,6,0,1,1,0.0,1.0
uid211_6,5,8,6,0,1,1,0.0,1.0
uid212_6,3,2,6,2,0,2,1.0,0.0
uid212_6,3,5,6,0,1,1,0.0,1.0
uid212_6,4,1,6,0,1,1,0.0,1.0
uid212_6,4,2,6,1,1,2,0.5,0.5
uid212_6,4,3,6,0,1,1,0.0,1.0
uid212_6,4,4,6,1,1,2,0.5,0.5
uid212_6,4,5,6,1,1,2,0.5,0.5
uid212_6,4,7,6,1,0,1,1.0,0.0
uid212_6,5,4,6,0,1,1,0.0,1.0
uid213_6,3,2,6,1,1,2,0.5,0.5
uid213_6,3,4,6,0,1,1,0.0,1.0
uid213_6,4,2,6,1,2,3,0.3333333333333333,0.6666666666666666
uid213_6,4,3,6,0,1,1,0.0,1.0
uid213_6,4,4,6,1,0,1,1.0,0.0
uid213_6,4,5,6,1,1,2,0.5,0.5
uid213_6,4,7,6,1,1,2,0.5,0.5
uid213_6,5,1,6,0,1,1,0.0,1.0
uid213_6,5,2,6,0,1,1,0.0,1.0
uid213_6,5,3,6,0,1,1,0.0,1.0
uid214_6,4,1,6,1,2,3,0.3333333333333333,0.6666666666666666
uid214_6,4,2,6,1,1,2,0.5,0.5
uid214_6,4,3,6,2,0,2,1.0,0.0
uid214_6,4,4,6,1,1,2,0.5,0.5
uid214_6,4,5,6,1,0,1,1.0,0.0
uid214_6,4,6,6,2,0,2,1.0,0.0
uid214_6,4,7,6,2,0,2,1.0,0.0
uid214_6,4,8,6,1,0,1,1.0,0.0
uid215_6,4,1,6,2,1,3,0.6666666666666666,0.3333333333333333
uid215_6,4,2,6,2,2,4,0.5,0.5
uid215_6,4,3,6,0,3,3,0.0,1.0
uid215_6,4,4,6,0,3,3,0.0,1.0
uid215_6,4,5,6,0,3,3,0.0,1.0
uid215_6,4,6,6,0,1,1,0.0,1.0
uid215_6,4,7,6,0,2,2,0.0,1.0
uid215_6,4,8,6,0,1,1,0.0,1.0
uid215_6,5,8,6,0,1,1,0.0,1.0
uid216_6,3,5,6,1,0,1,1.0,0.0
uid216_6,4,1,6,1,0,1,1.0,0.0
uid216_6,5,6,6,1,0,1,1.0,0.0
uid217_6,4,1,6,2,0,2,1.0,0.0
uid217_6,4,2,6,1,1,2,0.5,0.5
uid217_6,4,4,6,0,1,1,0.0,1.0
uid217_6,4,5,6,0,1,1,0.0,1.0
uid217_6,4,6,6,1,1,2,0.5,0.5
uid217_6,4,7,6,0,1,1,0.0,1.0
uid217_6,4,8,6,0,1,1,0.0,1.0
uid217_6,5,1,6,1,2,3,0.3333333333333333,0.6666666666666666
uid217_6,5,2,6,1,1,2,0.5,0.5
uid217_6,5,3,6,0,1,1,0.0,1.0
uid217_6,5,4,6,1,1,2,0.5,0.5
uid217_6,5,5,6,0,2,2,0.0,1.0
uid217_6,5,6,6,1,1,2,0.5,0.5
uid217_6,5,7,6,0,1,1,0.0,1.0
uid217_6,5,8,6,0,1,1,0.0,1.0
uid217_6,5,9,6,0,1,1,0.0,1.0
uid218_6,3,1,6,2,1,3,0.6666666666666666,0.3333333333333333
uid218_6,3,2,6,0,4,4,0.0,1.0
uid218_6,3,3,6,3,2,5,0.6,0.4
uid218_6,3,4,6,1,1,2,0.5,0.5
uid218_6,3,5,6,1,3,4,0.25,0.75
uid218_6,3,6,6,2,0,2,1.0,0.0
uid218_6,4,3,6,1,0,1,1.0,0.0
uid218_6,4,5,6,1,0,1,1.0,0.0
uid218_6,4,8,6,1,0,1,1.0,0.0
uid219_6,3,1,6,0,3,3,0.0,1.0
uid219_6,3,2,6,1,2,3,0.3333333333333333,0.6666666666666666
uid219_6,3,3,6,1,2,3,0.3333333333333333,0.6666666666666666
uid219_6,3,4,6,2,2,4,0.5,0.5
uid219_6,3,5,6,0,1,1,0.0,1.0
uid219_6,3,6,6,1,1,2,0.5,0.5
uid219_6,4,1,6,0,1,1,0.0,1.0
uid219_6,4,3,6,0,1,1,0.0,1.0
uid219_6,4,4,6,1,1,2,0.5,0.5
uid219_6,4,7,6,1,0,1,1.0,0.0
uid219_6,4,8,6,1,0,1,1.0,0.0
uid1_7,4,1,7,1,0,1,1.0,0.0
uid1_7,4,3,7,0,2,2,0.0,1.0
uid1_7,4,4,7,1,0,1,1.0,0.0
uid1_7,4,6,7,0,1,1,0.0,1.0
uid1_7,4,7,7,0,1,1,0.0,1.0
uid1_7,5,1,7,0,1,1,0.0,1.0
uid10_7,3,1,7,0,1,1,0.0,1.0
uid10_7,3,2,7,0,1,1,0.0,1.0
uid10_7,3,3,7,1,0,1,1.0,0.0
uid10_7,3,4,7,0,1,1,0.0,1.0
uid10_7,3,5,7,0,1,1,0.0,1.0
uid10_7,3,6,7,0,1,1,0.0,1.0
uid10_7,4,6,7,0,1,1,0.0,1.0
uid11_7,3,3,7,1,0,1,1.0,0.0
uid11_7,4,2,7,0,1,1,0.0,1.0
uid11_7,5,1,7,0,1,1,0.0,1.0
uid11_7,5,2,7,1,1,2,0.5,0.5
uid11_7,5,3,7,0,1,1,0.0,1.0
uid11_7,5,4,7,1,0,1,1.0,0.0
uid11_7,5,5,7,1,0,1,1.0,0.0
uid12_7,3,1,7,0,2,2,0.0,1.0
uid12_7,3,2,7,0,1,1,0.0,1.0
uid12_7,4,1,7,1,0,1,1.0,0.0
uid12_7,4,5,7,0,1,1,0.0,1.0
uid12_7,4,6,7,0,1,1,0.0,1.0
uid12_7,5,2,7,1,0,1,1.0,0.0
uid13_7,4,2,7,1,0,1,1.0,0.0
uid13_7,5,1,7,1,1,2,0.5,0.5
uid13_7,5,2,7,1,1,2,0.5,0.5
uid13_7,5,3,7,2,0,2,1.0,0.0
uid13_7,5,4,7,0,1,1,0.0,1.0
uid13_7,5,5,7,1,1,2,0.5,0.5
uid13_7,5,6,7,1,0,1,1.0,0.0
uid14_7,3,1,7,0,1,1,0.0,1.0
uid14_7,3,2,7,0,1,1,0.0,1.0
uid14_7,3,3,7,1,1,2,0.5,0.5
uid14_7,3,5,7,1,0,1,1.0,0.0
uid14_7,3,6,7,0,1,1,0.0,1.0
uid14_7,4,1,7,0,1,1,0.0,1.0
uid14_7,4,2,7,1,0,1,1.0,0.0
uid14_7,4,3,7,0,2,2,0.0,1.0
uid14_7,4,5,7,0,1,1,0.0,1.0
uid14_7,4,6,7,0,1,1,0.0,1.0
uid15_7,3,2,7,0,1,1,0.0,1.0
uid15_7,3,3,7,1,0,1,1.0,0.0
uid15_7,3,5,7,1,0,1,1.0,0.0
uid15_7,4,1,7,0,2,2,0.0,1.0
uid15_7,4,2,7,1,1,2,0.5,0.5
uid15_7,4,3,7,0,2,2,0.0,1.0
uid15_7,4,4,7,1,0,1,1.0,0.0
uid15_7,4,5,7,0,2,2,0.0,1.0
uid15_7,4,6,7,0,1,1,0.0,1.0
uid16_7,4,1,7,0,1,1,0.0,1.0
uid16_7,5,1,7,0,1,1,0.0,1.0
uid16_7,5,2,7,1,0,1,1.0,0.0
uid16_7,5,3,7,1,0,1,1.0,0.0
uid17_7,3,4,7,1,0,1,1.0,0.0
uid17_7,4,1,7,1,0,1,1.0,0.0
uid17_7,4,3,7,0,1,1,0.0,1.0
uid17_7,4,4,7,1,0,1,1.0,0.0
uid17_7,5,2,7,1,0,1,1.0,0.0
uid18_7,3,5,7,0,1,1,0.0,1.0
uid18_7,4,2,7,0,1,1,0.0,1.0
uid18_7,4,4,7,1,0,1,1.0,0.0
uid18_7,4,6,7,1,0,1,1.0,0.0
uid18_7,5,2,7,1,1,2,0.5,0.5
uid18_7,5,4,7,1,0,1,1.0,0.0
uid2_7,3,1,7,1,0,1,1.0,0.0
uid2_7,3,2,7,1,1,2,0.5,0.5
uid2_7,3,3,7,0,1,1,0.0,1.0
uid2_7,3,4,7,0,1,1,0.0,1.0
uid2_7,3,5,7,0,1,1,0.0,1.0
uid3_7,3,1,7,0,2,2,0.0,1.0
uid3_7,3,2,7,0,1,1,0.0,1.0
uid3_7,5,1,7,1,1,2,0.5,0.5
uid3_7,5,2,7,1,0,1,1.0,0.0
uid3_7,5,5,7,1,0,1,1.0,0.0
uid3_7,5,6,7,1,0,1,1.0,0.0
uid3_7,5,7,7,1,0,1,1.0,0.0
uid4_7,4,1,7,0,1,1,0.0,1.0
uid4_7,5,1,7,0,1,1,0.0,1.0
uid4_7,5,2,7,1,0,1,1.0,0.0
uid4_7,5,3,7,1,0,1,1.0,0.0
uid5_7,3,3,7,1,0,1,1.0,0.0
uid5_7,3,4,7,0,1,1,0.0,1.0
uid5_7,4,1,7,1,0,1,1.0,0.0
uid5_7,4,2,7,1,1,2,0.5,0.5
uid5_7,4,3,7,0,1,1,0.0,1.0
uid5_7,4,4,7,0,1,1,0.0,1.0
uid5_7,4,5,7,0,1,1,0.0,1.0
uid6_7,4,1,7,0,1,1,0.0,1.0
uid6_7,4,2,7,1,1,2,0.5,0.5
uid6_7,4,3,7,0,1,1,0.0,1.0
uid6_7,4,4,7,1,0,1,1.0,0.0
uid6_7,4,5,7,0,1,1,0.0,1.0
uid7_7,4,1,7,2,1,3,0.6666666666666666,0.3333333333333333
uid7_7,4,2,7,3,1,4,0.75,0.25
uid7_7,4,3,7,2,1,3,0.6666666666666666,0.3333333333333333
uid7_7,4,4,7,1,1,2,0.5,0.5
uid7_7,4,5,7,1,1,2,0.5,0.5
uid7_7,4,7,7,1,0,1,1.0,0.0
uid7_7,5,5,7,0,1,1,0.0,1.0
uid8_7,3,2,7,0,1,1,0.0,1.0
uid8_7,3,3,7,0,1,1,0.0,1.0
uid8_7,3,5,7,0,1,1,0.0,1.0
uid8_7,5,1,7,0,1,1,0.0,1.0
uid8_7,5,2,7,1,1,2,0.5,0.5
uid8_7,5,3,7,0,1,1,0.0,1.0
uid8_7,5,4,7,1,0,1,1.0,0.0
uid8_7,5,5,7,0,1,1,0.0,1.0
uid9_7,3,3,7,1,0,1,1.0,0.0
uid9_7,3,4,7,0,1,1,0.0,1.0
uid9_7,4,1,7,1,0,1,1.0,0.0
uid9_7,5,1,7,0,1,1,0.0,1.0
uid9_7,5,2,7,0,1,1,0.0,1.0
uid9_7,5,3,7,0,1,1,0.0,1.0
uid1_8,4,1,8,1,0,1,1.0,0.0
uid1_8,4,6,8,1,0,1,1.0,0.0
uid1_8,4,7,8,1,0,1,1.0,0.0
uid1_8,5,1,8,2,2,4,0.5,0.5
uid1_8,5,2,8,2,1,3,0.6666666666666666,0.3333333333333333
uid1_8,5,3,8,2,1,3,0.6666666666666666,0.3333333333333333
uid1_8,5,4,8,2,0,2,1.0,0.0
uid1_8,5,5,8,1,0,1,1.0,0.0
uid1_8,5,6,8,0,1,1,0.0,1.0
uid1_8,5,7,8,1,0,1,1.0,0.0
uid10_8,3,4,8,0,1,1,0.0,1.0
uid10_8,4,1,8,1,1,2,0.5,0.5
uid10_8,4,2,8,1,0,1,1.0,0.0
uid10_8,4,4,8,0,1,1,0.0,1.0
uid10_8,4,5,8,0,1,1,0.0,1.0
uid10_8,4,6,8,0,1,1,0.0,1.0
uid11_8,4,1,8,0,1,1,0.0,1.0
uid11_8,4,3,8,1,0,1,1.0,0.0
uid11_8,4,4,8,1,0,1,1.0,0.0
uid11_8,4,5,8,0,1,1,0.0,1.0
uid11_8,4,7,8,1,0,1,1.0,0.0
uid11_8,4,8,8,1,0,1,1.0,0.0
uid11_8,5,1,8,1,2,3,0.3333333333333333,0.6666666666666666
uid11_8,5,2,8,1,1,2,0.5,0.5
uid11_8,5,3,8,2,0,2,1.0,0.0
uid11_8,5,4,8,1,1,2,0.5,0.5
uid11_8,5,5,8,0,1,1,0.0,1.0
uid12_8,3,2,8,1,0,1,1.0,0.0
uid12_8,4,4,8,0,1,1,0.0,1.0
uid12_8,5,1,8,1,1,2,0.5,0.5
uid12_8,5,2,8,2,0,2,1.0,0.0
uid12_8,5,3,8,0,1,1,0.0,1.0
uid12_8,5,4,8,1,0,1,1.0,0.0
uid12_8,5,5,8,1,1,2,0.5,0.5
uid12_8,5,6,8,1,0,1,1.0,0.0
uid12_8,5,7,8,1,0,1,1.0,0.0
uid13_8,4,1,8,3,3,6,0.5,0.5
uid13_8,4,2,8,3,2,5,0.6,0.4
uid13_8,4,3,8,3,2,5,0.6,0.4
uid13_8,4,4,8,2,2,4,0.5,0.5
uid13_8,4,5,8,2,1,3,0.6666666666666666,0.3333333333333333
uid13_8,4,6,8,2,0,2,1.0,0.0
uid13_8,4,7,8,1,1,2,0.5,0.5
uid13_8,4,8,8,1,0,1,1.0,0.0
uid14_8,5,1,8,4,2,6,0.6666666666666666,0.3333333333333333
uid14_8,5,2,8,3,2,5,0.6,0.4
uid14_8,5,3,8,2,2,4,0.5,0.5
uid14_8,5,4,8,1,3,4,0.25,0.75
uid14_8,5,5,8,0,3,3,0.0,1.0
uid14_8,5,6,8,1,2,3,0.3333333333333333,0.6666666666666666
uid14_8,5,7,8,2,0,2,1.0,0.0
uid14_8,5,8,8,1,0,1,1.0,0.0
uid15_8,3,2,8,1,0,1,1.0,0.0
uid15_8,4,1,8,1,2,3,0.3333333333333333,0.6666666666666666
uid15_8,4,2,8,2,0,2,1.0,0.0
uid15_8,4,3,8,1,0,1,1.0,0.0
uid15_8,4,5,8,1,0,1,1.0,0.0
uid15_8,4,6,8,1,0,1,1.0,0.0
uid15_8,4,7,8,1,0,1,1.0,0.0
uid15_8,4,8,8,1,0,1,1.0,0.0
uid15_8,5,2,8,0,1,1,0.0,1.0
uid16_8,4,1,8,1,0,1,1.0,0.0
uid16_8,4,2,8,1,0,1,1.0,0.0
uid16_8,4,3,8,1,0,1,1.0,0.0
uid16_8,4,5,8,0,1,1,0.0,1.0
uid16_8,4,7,8,0,1,1,0.0,1.0
uid16_8,4,8,8,0,1,1,0.0,1.0
uid16_8,5,1,8,2,1,3,0.6666666666666666,0.3333333333333333
uid16_8,5,2,8,2,1,3,0.6666666666666666,0.3333333333333333
uid16_8,5,3,8,2,0,2,1.0,0.0
uid16_8,5,4,8,1,0,1,1.0,0.0
uid16_8,5,5,8,1,0,1,1.0,0.0
uid17_8,3,1,8,2,3,5,0.4,0.6
uid17_8,3,2,8,1,2,3,0.3333333333333333,0.6666666666666666
uid17_8,3,3,8,2,1,3,0.6666666666666666,0.3333333333333333
uid17_8,3,4,8,1,2,3,0.3333333333333333,0.6666666666666666
uid17_8,3,5,8,1,1,2,0.5,0.5
uid17_8,3,6,8,1,1,2,0.5,0.5
uid18_8,3,2,8,1,0,1,1.0,0.0
uid18_8,3,4,8,1,0,1,1.0,0.0
uid18_8,3,6,8,1,0,1,1.0,0.0
uid18_8,4,1,8,1,0,1,1.0,0.0
uid18_8,4,2,8,1,1,2,0.5,0.5
uid18_8,4,3,8,1,1,2,0.5,0.5
uid18_8,4,4,8,0,1,1,0.0,1.0
uid18_8,4,5,8,1,0,1,1.0,0.0
uid18_8,4,6,8,1,1,2,0.5,0.5
uid18_8,4,8,8,1,0,1,1.0,0.0
uid19_8,4,6,8,0,1,1,0.0,1.0
uid19_8,5,1,8,2,2,4,0.5,0.5
uid19_8,5,2,8,3,0,3,1.0,0.0
uid19_8,5,3,8,3,0,3,1.0,0.0
uid19_8,5,4,8,1,1,2,0.5,0.5
uid19_8,5,5,8,1,0,1,1.0,0.0
uid19_8,5,6,8,1,0,1,1.0,0.0
uid19_8,5,7,8,1,0,1,1.0,0.0
uid2_8,3,1,8,0,1,1,0.0,1.0
uid2_8,3,2,8,0,1,1,0.0,1.0
uid2_8,3,3,8,1,1,2,0.5,0.5
uid2_8,3,5,8,1,0,1,1.0,0.0
uid2_8,3,6,8,1,0,1,1.0,0.0
uid2_8,4,1,8,1,0,1,1.0,0.0
uid2_8,4,5,8,0,1,1,0.0,1.0
uid2_8,4,6,8,0,1,1,0.0,1.0
uid2_8,5,4,8,0,1,1,0.0,1.0
uid20_8,5,1,8,5,3,8,0.625,0.375
uid20_8,5,2,8,3,4,7,0.42857142857142855,0.5714285714285714
uid20_8,5,3,8,3,3,6,0.5,0.5
uid20_8,5,4,8,3,2,5,0.6,0.4
uid20_8,5,5,8,1,3,4,0.25,0.75
uid20_8,5,6,8,1,2,3,0.3333333333333333,0.6666666666666666
uid20_8,5,7,8,2,0,2,1.0,0.0
uid20_8,5,8,8,1,0,1,1.0,0.0
uid21_8,4,1,8,2,1,3,0.6666666666666666,0.3333333333333333
uid21_8,4,2,8,1,1,2,0.5,0.5
uid21_8,4,3,8,0,1,1,0.0,1.0
uid21_8,5,1,8,2,1,3,0.6666666666666666,0.3333333333333333
uid21_8,5,2,8,1,1,2,0.5,0.5
uid21_8,5,3,8,1,0,1,1.0,0.0
uid21_8,5,5,8,1,0,1,1.0,0.0
uid21_8,5,6,8,1,0,1,1.0,0.0
uid21_8,5,7,8,1,0,1,1.0,0.0
uid21_8,5,8,8,1,0,1,1.0,0.0
uid3_8,4,1,8,0,2,2,0.0,1.0
uid3_8,4,2,8,1,1,2,0.5,0.5
uid3_8,4,3,8,0,1,1,0.0,1.0
uid3_8,4,4,8,0,2,2,0.0,1.0
uid3_8,4,6,8,0,1,1,0.0,1.0
uid3_8,4,7,8,0,1,1,0.0,1.0
uid3_8,4,8,8,0,1,1,0.0,1.0
uid3_8,5,1,8,2,0,2,1.0,0.0
uid3_8,5,2,8,1,1,2,0.5,0.5
uid3_8,5,3,8,0,1,1,0.0,1.0
uid3_8,5,4,8,1,0,1,1.0,0.0
uid4_8,4,1,8,2,2,4,0.5,0.5
uid4_8,4,2,8,1,2,3,0.3333333333333333,0.6666666666666666
uid4_8,4,3,8,2,1,3,0.6666666666666666,0.3333333333333333
uid4_8,4,4,8,1,1,2,0.5,0.5
uid4_8,4,5,8,1,1,2,0.5,0.5
uid4_8,4,6,8,1,0,1,1.0,0.0
uid5_8,5,1,8,2,3,5,0.4,0.6
uid5_8,5,2,8,2,2,4,0.5,0.5
uid5_8,5,3,8,3,1,4,0.75,0.25
uid5_8,5,4,8,3,0,3,1.0,0.0
uid5_8,5,5,8,2,0,2,1.0,0.0
uid5_8,5,6,8,0,1,1,0.0,1.0
uid5_8,5,7,8,1,0,1,1.0,0.0
uid5_8,5,8,8,1,0,1,1.0,0.0
uid6_8,4,1,8,0,1,1,0.0,1.0
uid6_8,4,6,8,0,1,1,0.0,1.0
uid6_8,4,7,8,0,1,1,0.0,1.0
uid6_8,5,1,8,1,3,4,0.25,0.75
uid6_8,5,2,8,2,2,4,0.5,0.5
uid6_8,5,3,8,1,2,3,0.3333333333333333,0.6666666666666666
uid6_8,5,4,8,0,2,2,0.0,1.0
uid6_8,5,5,8,1,0,1,1.0,0.0
uid6_8,5,6,8,0,1,1,0.0,1.0
uid7_8,4,2,8,1,1,2,0.5,0.5
uid7_8,4,4,8,0,1,1,0.0,1.0
uid7_8,5,1,8,2,1,3,0.6666666666666666,0.3333333333333333
uid7_8,5,2,8,3,1,4,0.75,0.25
uid7_8,5,3,8,1,1,2,0.5,0.5
uid7_8,5,4,8,0,2,2,0.0,1.0
uid7_8,5,5,8,0,2,2,0.0,1.0
uid7_8,5,6,8,1,0,1,1.0,0.0
uid7_8,5,7,8,0,1,1,0.0,1.0
uid8_8,4,2,8,1,1,2,0.5,0.5
uid8_8,4,3,8,0,1,1,0.0,1.0
uid8_8,4,4,8,1,0,1,1.0,0.0
uid8_8,4,5,8,0,1,1,0.0,1.0
uid8_8,4,7,8,1,0,1,1.0,0.0
uid8_8,5,2,8,2,1,3,0.6666666666666666,0.3333333333333333
uid8_8,5,4,8,0,2,2,0.0,1.0
uid8_8,5,6,8,1,0,1,1.0,0.0
uid9_8,4,1,8,0,1,1,0.0,1.0
uid9_8,4,2,8,0,2,2,0.0,1.0
uid9_8,4,3,8,0,2,2,0.0,1.0
uid9_8,4,5,8,0,1,1,0.0,1.0
uid9_8,5,1,8,1,1,2,0.5,0.5
uid9_8,5,2,8,0,2,2,0.0,1.0
uid9_8,5,3,8,1,1,2,0.5,0.5
uid9_8,5,4,8,0,1,1,0.0,1.0
uid9_8,5,5,8,1,0,1,1.0,0.0
uid9_8,5,6,8,1,0,1,1.0,0.0
uid9_8,5,7,8,1,0,1,1.0,0.0
uid1_9,3,1,9,1,2,3,0.3333333333333333,0.6666666666666666
uid1_9,3,2,9,0,1,1,0.0,1.0
uid1_9,3,3,9,1,0,1,1.0,0.0
uid1_9,3,4,9,1,1,2,0.5,0.5
uid1_9,3,5,9,1,1,2,0.5,0.5
uid1_9,3,6,9,0,1,1,0.0,1.0
uid1_9,5,1,9,1,1,2,0.5,0.5
uid1_9,5,3,9,1,0,1,1.0,0.0
uid1_9,5,4,9,2,0,2,1.0,0.0
uid1_9,5,5,9,1,0,1,1.0,0.0
uid10_9,3,1,9,1,2,3,0.3333333333333333,0.6666666666666666
uid10_9,3,2,9,1,0,1,1.0,0.0
uid10_9,3,3,9,0,1,1,0.0,1.0
uid10_9,3,4,9,0,2,2,0.0,1.0
uid10_9,3,5,9,1,1,2,0.5,0.5
uid10_9,3,6,9,1,0,1,1.0,0.0
uid10_9,5,1,9,1,0,1,1.0,0.0
uid10_9,5,4,9,0,1,1,0.0,1.0
uid10_9,5,5,9,1,0,1,1.0,0.0
uid11_9,3,5,9,0,1,1,0.0,1.0
uid11_9,4,1,9,1,1,2,0.5,0.5
uid11_9,4,2,9,2,1,3,0.6666666666666666,0.3333333333333333
uid11_9,4,3,9,1,0,1,1.0,0.0
uid11_9,4,4,9,2,0,2,1.0,0.0
uid11_9,4,5,9,1,0,1,1.0,0.0
uid11_9,4,6,9,1,0,1,1.0,0.0
uid11_9,5,2,9,1,0,1,1.0,0.0
uid12_9,4,1,9,0,1,1,0.0,1.0
uid12_9,4,2,9,0,1,1,0.0,1.0
uid12_9,4,3,9,1,1,2,0.5,0.5
uid12_9,4,5,9,1,0,1,1.0,0.0
uid12_9,4,6,9,0,1,1,0.0,1.0
uid12_9,5,1,9,1,1,2,0.5,0.5
uid12_9,5,2,9,1,0,1,1.0,0.0
uid12_9,5,3,9,2,0,2,1.0,0.0
uid12_9,5,4,9,1,0,1,1.0,0.0
uid12_9,5,5,9,1,0,1,1.0,0.0
uid12_9,5,6,9,2,0,2,1.0,0.0
uid12_9,5,7,9,1,0,1,1.0,0.0
uid13_9,4,4,9,0,1,1,0.0,1.0
uid13_9,5,1,9,1,2,3,0.3333333333333333,0.6666666666666666
uid13_9,5,2,9,2,1,3,0.6666666666666666,0.3333333333333333
uid13_9,5,3,9,1,2,3,0.3333333333333333,0.6666666666666666
uid13_9,5,4,9,3,0,3,1.0,0.0
uid13_9,5,5,9,0,1,1,0.0,1.0
uid13_9,5,6,9,1,0,1,1.0,0.0
uid13_9,5,7,9,1,0,1,1.0,0.0
uid14_9,5,1,9,3,3,6,0.5,0.5
uid14_9,5,2,9,2,3,5,0.4,0.6
uid14_9,5,3,9,3,1,4,0.75,0.25
uid14_9,5,4,9,3,1,4,0.75,0.25
uid14_9,5,5,9,3,0,3,1.0,0.0
uid14_9,5,6,9,2,1,3,0.6666666666666666,0.3333333333333333
uid14_9,5,7,9,1,1,2,0.5,0.5
uid14_9,5,8,9,0,1,1,0.0,1.0
uid15_9,3,2,9,0,1,1,0.0,1.0
uid15_9,5,1,9,0,1,1,0.0,1.0
uid15_9,5,3,9,1,0,1,1.0,0.0
uid15_9,5,4,9,1,0,1,1.0,0.0
uid16_9,3,2,9,1,0,1,1.0,0.0
uid16_9,3,3,9,0,1,1,0.0,1.0
uid16_9,3,5,9,1,0,1,1.0,0.0
uid16_9,4,5,9,1,0,1,1.0,0.0
uid16_9,5,1,9,1,1,2,0.5,0.5
uid16_9,5,3,9,1,0,1,1.0,0.0
uid16_9,5,4,9,2,0,2,1.0,0.0
uid16_9,5,5,9,1,0,1,1.0,0.0
uid17_9,3,4,9,1,0,1,1.0,0.0
uid17_9,4,1,9,1,1,2,0.5,0.5
uid17_9,4,3,9,0,1,1,0.0,1.0
uid17_9,4,4,9,1,1,2,0.5,0.5
uid17_9,4,5,9,0,1,1,0.0,1.0
uid17_9,5,1,9,1,0,1,1.0,0.0
uid17_9,5,4,9,0,1,1,0.0,1.0
uid17_9,5,5,9,0,1,1,0.0,1.0
uid18_9,4,1,9,1,0,1,1.0,0.0
uid18_9,4,2,9,0,1,1,0.0,1.0
uid18_9,4,3,9,1,1,2,0.5,0.5
uid18_9,4,5,9,0,1,1,0.0,1.0
uid18_9,4,6,9,0,1,1,0.0,1.0
uid18_9,5,1,9,0,2,2,0.0,1.0
uid18_9,5,2,9,1,1,2,0.5,0.5
uid18_9,5,3,9,2,1,3,0.6666666666666666,0.3333333333333333
uid18_9,5,4,9,1,0,1,1.0,0.0
uid18_9,5,5,9,1,0,1,1.0,0.0
uid18_9,5,6,9,1,0,1,1.0,0.0
uid19_9,5,1,9,3,5,8,0.375,0.625
uid19_9,5,2,9,4,3,7,0.5714285714285714,0.42857142857142855
uid19_9,5,3,9,3,3,6,0.5,0.5
uid19_9,5,4,9,3,2,5,0.6,0.4
uid19_9,5,5,9,2,2,4,0.5,0.5
uid19_9,5,6,9,2,1,3,0.6666666666666666,0.3333333333333333
uid19_9,5,7,9,2,0,2,1.0,0.0
uid19_9,5,8,9,0,1,1,0.0,1.0
uid2_9,3,6,9,0,1,1,0.0,1.0
uid2_9,4,2,9,0,1,1,0.0,1.0
uid2_9,4,4,9,1,0,1,1.0,0.0
uid2_9,4,6,9,1,0,1,1.0,0.0
uid2_9,5,1,9,1,0,1,1.0,0.0
uid2_9,5,2,9,0,1,1,0.0,1.0
uid2_9,5,3,9,1,1,2,0.5,0.5
uid2_9,5,4,9,1,0,1,1.0,0.0
uid2_9,5,6,9,1,0,1,1.0,0.0
uid20_9,4,3,9,1,1,2,0.5,0.5
uid20_9,4,6,9,0,1,1,0.0,1.0
uid20_9,5,1,9,2,1,3,0.6666666666666666,0.3333333333333333
uid20_9,5,2,9,1,1,2,0.5,0.5
uid20_9,5,3,9,2,2,4,0.5,0.5
uid20_9,5,4,9,2,0,2,1.0,0.0
uid20_9,5,5,9,0,1,1,0.0,1.0
uid20_9,5,6,9,2,0,2,1.0,0.0
uid20_9,5,7,9,1,0,1,1.0,0.0
uid21_9,4,1,9,0,1,1,0.0,1.0
uid21_9,4,2,9,1,0,1,1.0,0.0
uid21_9,4,3,9,1,0,1,1.0,0.0
uid21_9,5,1,9,2,1,3,0.6666666666666666,0.3333333333333333
uid21_9,5,2,9,1,1,2,0.5,0.5
uid21_9,5,3,9,1,0,1,1.0,0.0
uid21_9,5,5,9,0,1,1,0.0,1.0
uid21_9,5,6,9,1,0,1,1.0,0.0
uid21_9,5,7,9,1,0,1,1.0,0.0
uid21_9,5,8,9,1,0,1,1.0,0.0
uid3_9,5,1,9,2,4,6,0.3333333333333333,0.6666666666666666
uid3_9,5,2,9,4,1,5,0.8,0.2
uid3_9,5,3,9,2,3,5,0.4,0.6
uid3_9,5,4,9,3,1,4,0.75,0.25
uid3_9,5,5,9,2,1,3,0.6666666666666666,0.3333333333333333
uid3_9,5,6,9,2,0,2,1.0,0.0
uid3_9,5,7,9,2,0,2,1.0,0.0
uid3_9,5,8,9,1,0,1,1.0,0.0
uid4_9,4,4,9,1,0,1,1.0,0.0
uid4_9,5,1,9,2,2,4,0.5,0.5
uid4_9,5,2,9,2,2,4,0.5,0.5
uid4_9,5,3,9,2,1,3,0.6666666666666666,0.3333333333333333
uid4_9,5,4,9,3,1,4,0.75,0.25
uid4_9,5,5,9,1,1,2,0.5,0.5
uid4_9,5,6,9,2,0,2,1.0,0.0
uid4_9,5,7,9,1,0,1,1.0,0.0
uid4_9,5,8,9,1,0,1,1.0,0.0
uid5_9,4,1,9,3,5,8,0.375,0.625
uid5_9,4,2,9,5,2,7,0.7142857142857143,0.2857142857142857
uid5_9,4,3,9,5,1,6,0.8333333333333334,0.16666666666666666
uid5_9,4,4,9,3,2,5,0.6,0.4
uid5_9,4,5,9,3,1,4,0.75,0.25
uid5_9,4,6,9,3,0,3,1.0,0.0
uid5_9,4,7,9,1,1,2,0.5,0.5
uid5_9,4,8,9,1,0,1,1.0,0.0
uid7_9,3,6,9,0,1,1,0.0,1.0
uid7_9,4,3,9,0,1,1,0.0,1.0
uid7_9,5,1,9,2,0,2,1.0,0.0
uid7_9,5,2,9,0,1,1,0.0,1.0
uid7_9,5,3,9,2,0,2,1.0,0.0
uid7_9,5,4,9,2,0,2,1.0,0.0
uid7_9,5,5,9,1,0,1,1.0,0.0
uid7_9,5,6,9,1,0,1,1.0,0.0
uid7_9,5,7,9,1,0,1,1.0,0.0
uid8_9,4,1,9,2,4,6,0.3333333333333333,0.6666666666666666
uid8_9,4,2,9,4,2,6,0.6666666666666666,0.3333333333333333
uid8_9,4,3,9,3,2,5,0.6,0.4
uid8_9,4,4,9,1,3,4,0.25,0.75
uid8_9,4,5,9,2,1,3,0.6666666666666666,0.3333333333333333
uid8_9,4,6,9,2,0,2,1.0,0.0
uid8_9,4,7,9,0,1,1,0.0,1.0
uid8_9,4,8,9,1,0,1,1.0,0.0
uid9_9,3,1,9,0,1,1,0.0,1.0
uid9_9,3,5,9,1,0,1,1.0,0.0
uid9_9,3,6,9,1,0,1,1.0,0.0
uid9_9,4,1,9,0,1,1,0.0,1.0
uid9_9,4,2,9,1,0,1,1.0,0.0
uid9_9,4,3,9,1,0,1,1.0,0.0
uid9_9,5,1,9,0,1,1,0.0,1.0
uid9_9,5,4,9,0,1,1,0.0,1.0
uid9_9,5,5,9,0,1,1,0.0,1.0
uid1_10,4,1,10,0,1,1,0.0,1.0
uid1_10,4,2,10,1,0,1,1.0,0.0
uid1_10,4,3,10,0,1,1,0.0,1.0
uid1_10,4,4,10,0,1,1,0.0,1.0
uid1_10,4,5,10,1,0,1,1.0,0.0
uid1_10,4,6,10,1,0,1,1.0,0.0
uid1_10,5,1,10,1,2,3,0.3333333333333333,0.6666666666666666
uid1_10,5,2,10,2,0,2,1.0,0.0
uid1_10,5,3,10,2,0,2,1.0,0.0
uid1_10,5,4,10,1,1,2,0.5,0.5
uid1_10,5,5,10,1,1,2,0.5,0.5
uid1_10,5,6,10,2,0,2,1.0,0.0
uid1_10,5,7,10,1,0,1,1.0,0.0
uid1_10,5,8,10,1,0,1,1.0,0.0
uid10_10,3,1,10,0,1,1,0.0,1.0
uid10_10,4,1,10,1,0,1,1.0,0.0
uid10_10,4,2,10,1,0,1,1.0,0.0
uid10_10,4,3,10,1,0,1,1.0,0.0
uid10_10,4,6,10,0,1,1,0.0,1.0
uid10_10,4,8,10,0,1,1,0.0,1.0
uid10_10,5,1,10,0,1,1,0.0,1.0
uid10_10,5,2,10,1,0,1,1.0,0.0
uid10_10,5,3,10,1,1,2,0.5,0.5
uid10_10,5,4,10,1,0,1,1.0,0.0
uid10_10,5,6,10,1,0,1,1.0,0.0
uid11_10,3,1,10,0,1,1,0.0,1.0
uid11_10,3,5,10,1,0,1,1.0,0.0
uid11_10,3,6,10,0,1,1,0.0,1.0
uid11_10,4,2,10,2,1,3,0.6666666666666666,0.3333333333333333
uid11_10,4,4,10,1,1,2,0.5,0.5
uid11_10,4,6,10,0,1,1,0.0,1.0
uid11_10,5,2,10,1,0,1,1.0,0.0
uid11_10,5,4,10,0,1,1,0.0,1.0
uid11_10,5,6,10,1,0,1,1.0,0.0
uid12_10,3,2,10,1,0,1,1.0,0.0
uid12_10,3,4,10,0,1,1,0.0,1.0
uid12_10,3,6,10,1,0,1,1.0,0.0
uid12_10,4,4,10,0,1,1,0.0,1.0
uid12_10,5,1,10,1,1,2,0.5,0.5
uid12_10,5,3,10,1,0,1,1.0,0.0
uid12_10,5,4,10,2,1,3,0.6666666666666666,0.3333333333333333
uid12_10,5,5,10,1,1,2,0.5,0.5
uid12_10,5,8,10,1,0,1,1.0,0.0
uid12_10,5,9,10,1,0,1,1.0,0.0
uid13_10,3,1,10,0,1,1,0.0,1.0
uid13_10,3,4,10,0,1,1,0.0,1.0
uid13_10,3,5,10,0,1,1,0.0,1.0
uid13_10,4,4,10,0,1,1,0.0,1.0
uid13_10,5,1,10,0,2,2,0.0,1.0
uid13_10,5,3,10,1,0,1,1.0,0.0
uid13_10,5,4,10,2,0,2,1.0,0.0
uid13_10,5,5,10,2,0,2,1.0,0.0
uid13_10,5,6,10,1,0,1,1.0,0.0
uid13_10,5,8,10,1,0,1,1.0,0.0
uid13_10,5,9,10,1,0,1,1.0,0.0
uid14_10,4,2,10,0,1,1,0.0,1.0
uid14_10,5,1,10,3,2,5,0.6,0.4
uid14_10,5,2,10,3,2,5,0.6,0.4
uid14_10,5,3,10,2,1,3,0.6666666666666666,0.3333333333333333
uid14_10,5,4,10,1,2,3,0.3333333333333333,0.6666666666666666
uid14_10,5,5,10,1,2,3,0.3333333333333333,0.6666666666666666
uid14_10,5,6,10,1,2,3,0.3333333333333333,0.6666666666666666
uid14_10,5,7,10,1,2,3,0.3333333333333333,0.6666666666666666
uid14_10,5,8,10,1,1,2,0.5,0.5
uid14_10,5,9,10,0,1,1,0.0,1.0
uid15_10,3,5,10,0,1,1,0.0,1.0
uid15_10,5,1,10,2,1,3,0.6666666666666666,0.3333333333333333
uid15_10,5,2,10,1,1,2,0.5,0.5
uid15_10,5,3,10,1,0,1,1.0,0.0
uid15_10,5,5,10,0,1,1,0.0,1.0
uid15_10,5,6,10,0,1,1,0.0,1.0
uid15_10,5,7,10,0,1,1,0.0,1.0
uid15_10,5,8,10,1,0,1,1.0,0.0
uid16_10,3,1,10,0,2,2,0.0,1.0
uid16_10,3,2,10,1,1,2,0.5,0.5
uid16_10,3,3,10,1,0,1,1.0,0.0
uid16_10,3,4,10,0,1,1,0.0,1.0
uid16_10,3,5,10,1,0,1,1.0,0.0
uid16_10,3,6,10,0,1,1,0.0,1.0
uid16_10,4,1,10,1,2,3,0.3333333333333333,0.6666666666666666
uid16_10,4,2,10,1,1,2,0.5,0.5
uid16_10,4,3,10,0,1,1,0.0,1.0
uid16_10,4,4,10,1,0,1,1.0,0.0
uid16_10,4,5,10,1,0,1,1.0,0.0
uid16_10,4,6,10,1,0,1,1.0,0.0
uid16_10,4,7,10,0,1,1,0.0,1.0
uid17_10,4,1,10,4,3,7,0.5714285714285714,0.42857142857142855
uid17_10,4,2,10,4,2,6,0.6666666666666666,0.3333333333333333
uid17_10,4,3,10,2,4,6,0.3333333333333333,0.6666666666666666
uid17_10,4,4,10,3,2,5,0.6,0.4
uid17_10,4,5,10,2,2,4,0.5,0.5
uid17_10,4,6,10,2,1,3,0.6666666666666666,0.3333333333333333
uid17_10,4,7,10,0,2,2,0.0,1.0
uid17_10,4,8,10,1,1,2,0.5,0.5
uid18_10,3,1,10,2,3,5,0.4,0.6
uid18_10,3,2,10,3,0,3,1.0,0.0
uid18_10,3,3,10,1,1,2,0.5,0.5
uid18_10,3,4,10,2,0,2,1.0,0.0
uid18_10,3,5,10,2,1,3,0.6666666666666666,0.3333333333333333
uid18_10,3,6,10,3,0,3,1.0,0.0
uid18_10,5,4,10,1,0,1,1.0,0.0
uid19_10,3,1,10,0,2,2,0.0,1.0
uid19_10,3,2,10,1,1,2,0.5,0.5
uid19_10,3,3,10,0,1,1,0.0,1.0
uid19_10,3,4,10,0,1,1,0.0,1.0
uid19_10,4,2,10,0,1,1,0.0,1.0
uid19_10,4,4,10,1,0,1,1.0,0.0
uid19_10,4,6,10,1,0,1,1.0,0.0
uid19_10,5,9,10,0,1,1,0.0,1.0
uid2_10,3,1,10,0,1,1,0.0,1.0
uid2_10,3,5,10,1,0,1,1.0,0.0
uid2_10,3,6,10,1,0,1,1.0,0.0
uid2_10,4,1,10,1,2,3,0.3333333333333333,0.6666666666666666
uid2_10,4,2,10,1,1,2,0.5,0.5
uid2_10,4,3,10,1,0,1,1.0,0.0
uid2_10,5,1,10,0,1,1,0.0,1.0
uid2_10,5,8,10,0,1,1,0.0,1.0
uid2_10,5,9,10,0,1,1,0.0,1.0
uid20_10,3,1,10,0,1,1,0.0,1.0
uid20_10,3,3,10,0,1,1,0.0,1.0
uid20_10,3,4,10,0,1,1,0.0,1.0
uid20_10,4,1,10,1,0,1,1.0,0.0
uid20_10,4,2,10,1,0,1,1.0,0.0
uid20_10,4,3,10,2,0,2,1.0,0.0
uid20_10,4,4,10,1,0,1,1.0,0.0
uid20_10,4,6,10,1,0,1,1.0,0.0
uid20_10,5,9,10,0,1,1,0.0,1.0
uid21_10,3,3,10,0,1,1,0.0,1.0
uid21_10,4,2,10,1,1,2,0.5,0.5
uid21_10,4,4,10,1,1,2,0.5,0.5
uid21_10,4,6,10,0,1,1,0.0,1.0
uid21_10,4,8,10,1,0,1,1.0,0.0
uid21_10,5,4,10,1,1,2,0.5,0.5
uid21_10,5,8,10,1,0,1,1.0,0.0
uid22_10,3,1,10,0,1,1,0.0,1.0
uid22_10,5,1,10,3,1,4,0.75,0.25
uid22_10,5,2,10,1,1,2,0.5,0.5
uid22_10,5,3,10,1,2,3,0.3333333333333333,0.6666666666666666
uid22_10,5,4,10,1,3,4,0.25,0.75
uid22_10,5,5,10,2,0,2,1.0,0.0
uid22_10,5,6,10,0,1,1,0.0,1.0
uid22_10,5,7,10,1,1,2,0.5,0.5
uid22_10,5,8,10,1,1,2,0.5,0.5
uid22_10,5,9,10,0,1,1,0.0,1.0
uid23_10,3,1,10,1,0,1,1.0,0.0
uid23_10,4,1,10,0,1,1,0.0,1.0
uid23_10,4,2,10,1,0,1,1.0,0.0
uid23_10,4,3,10,1,0,1,1.0,0.0
uid23_10,4,4,10,1,0,1,1.0,0.0
uid23_10,4,6,10,1,0,1,1.0,0.0
uid23_10,4,7,10,1,0,1,1.0,0.0
uid23_10,5,1,10,2,0,2,1.0,0.0
uid23_10,5,2,10,1,0,1,1.0,0.0
uid3_10,3,1,10,1,0,1,1.0,0.0
uid3_10,3,6,10,0,1,1,0.0,1.0
uid3_10,4,1,10,2,2,4,0.5,0.5
uid3_10,4,2,10,2,1,3,0.6666666666666666,0.3333333333333333
uid3_10,4,3,10,1,1,2,0.5,0.5
uid3_10,4,4,10,0,2,2,0.0,1.0
uid3_10,4,5,10,0,1,1,0.0,1.0
uid3_10,4,6,10,1,0,1,1.0,0.0
uid3_10,4,7,10,1,0,1,1.0,0.0
uid3_10,4,8,10,0,1,1,0.0,1.0
uid5_10,3,1,10,1,0,1,1.0,0.0
uid5_10,4,1,10,2,1,3,0.6666666666666666,0.3333333333333333
uid5_10,4,2,10,1,1,2,0.5,0.5
uid5_10,4,3,10,1,1,2,0.5,0.5
uid5_10,4,4,10,2,1,3,0.6666666666666666,0.3333333333333333
uid5_10,4,5,10,2,0,2,1.0,0.0
uid5_10,4,6,10,1,0,1,1.0,0.0
uid5_10,4,8,10,1,0,1,1.0,0.0
uid5_10,5,6,10,1,0,1,1.0,0.0
uid6_10,3,1,10,1,1,2,0.5,0.5
uid6_10,3,2,10,2,1,3,0.6666666666666666,0.3333333333333333
uid6_10,3,3,10,0,1,1,0.0,1.0
uid6_10,3,4,10,0,2,2,0.0,1.0
uid6_10,3,5,10,1,0,1,1.0,0.0
uid6_10,3,6,10,1,0,1,1.0,0.0
uid6_10,5,2,10,1,0,1,1.0,0.0
uid6_10,5,4,10,0,1,1,0.0,1.0
uid6_10,5,6,10,1,0,1,1.0,0.0
uid7_10,3,1,10,1,1,2,0.5,0.5
uid7_10,3,2,10,0,1,1,0.0,1.0
uid7_10,4,1,10,1,2,3,0.3333333333333333,0.6666666666666666
uid7_10,4,2,10,2,0,2,1.0,0.0
uid7_10,4,3,10,0,1,1,0.0,1.0
uid7_10,4,4,10,0,1,1,0.0,1.0
uid7_10,4,5,10,0,1,1,0.0,1.0
uid7_10,4,6,10,1,0,1,1.0,0.0
uid7_10,4,7,10,0,1,1,0.0,1.0
uid7_10,5,1,10,0,1,1,0.0,1.0
uid8_10,3,5,10,1,0,1,1.0,0.0
uid8_10,5,1,10,3,2,5,0.6,0.4
uid8_10,5,2,10,2,3,5,0.4,0.6
uid8_10,5,3,10,2,2,4,0.5,0.5
uid8_10,5,4,10,2,2,4,0.5,0.5
uid8_10,5,5,10,4,0,4,1.0,0.0
uid8_10,5,6,10,2,0,2,1.0,0.0
uid8_10,5,7,10,1,1,2,0.5,0.5
uid8_10,5,8,10,1,0,1,1.0,0.0
uid8_10,5,9,10,1,0,1,1.0,0.0
uid9_10,3,1,10,0,1,1,0.0,1.0
uid9_10,3,5,10,0,1,1,0.0,1.0
uid9_10,3,6,10,0,1,1,0.0,1.0
uid9_10,4,4,10,0,1,1,0.0,1.0
uid9_10,4,5,10,1,0,1,1.0,0.0
uid9_10,5,1,10,1,1,2,0.5,0.5
uid9_10,5,2,10,1,0,1,1.0,0.0
uid9_10,5,4,10,0,1,1,0.0,1.0
uid9_10,5,5,10,0,1,1,0.0,1.0
uid9_10,5,6,10,1,0,1,1.0,0.0
